Workbook

Sheet Figuur_2
A2: tab switch_beid_stream year, mi
B4: year
A5: switch_beid_stream | B5: 2011 | C5: 2012 | D5: 2013 | E5: 2014 | F5: 2015 | G5: 2016 | H5: 2017 | I5: 2018 | J5: 2019 | K5: 2020 | L5: 2021 | M5: 2022 | N5: 2023 | O5: 2024 | P5: Total
A7: 0 | B7: 5312403 | C7: 5332636 | D7: 5227666 | E7: 5148045 | F7: 5176431 | G7: 5242988 | H7: 5357774 | I7: 5552592 | J7: 5765717 | K7: 5774589 | L7: 5768373 | M7: 5939225 | N7: 6057991 | O7: 6176598 | P7: 79348131
A8: 1 | B8: 1122938 | C8: 1001650 | D8: 1037592 | E8: 1117965 | F8: 1175544 | G8: 1250017 | H8: 1305975 | I8: 1415003 | J8: 1241338 | K8: 1263509 | L8: 1452932 | M8: 1432567 | N8: 1386164 | O8: 1316475 | P8: 20615960
A9: 3 | B9: 553441 | C9: 547067 | D9: 600495 | E9: 655493 | F9: 687131 | G9: 721197 | H9: 956928 | I9: 744799 | J9: 612489 | K9: 844723 | L9: 853754 | M9: 772596 | N9: 744578 | O9: 704347 | P9: 7445193
A10: 4 | B10: 657018 | C10: 684786 | D10: 643707 | E10: 627534 | F10: 601986 | G10: 581530 | H10: 592127 | I10: 702842 | J10: 758872 | K10: 627967 | L10: 716980 | M10: 772045 | N10: 775060 | O10: 768718 | P10: 7217991
A11: Total | B11: 7645800 | C11: 7566139 | D11: 7509460 | E11: 7549037 | F11: 7641092 | G11: 7795732 | H11: 8212804 | I11: 8415236 | J11: 8378416 | K11: 8510788 | L11: 8792039 | M11: 8916433 | N11: 8963793 | O11: 8966138 | P11: 114627275
A13: LET OP: TBV FIGUUR 2 SBI_NEW, DUS LEES ALS T+1
A15: table sbi_new year if hoofdbaan_new!=., mi row col format(%12.0f)
B17: 2011 | C17: 2012 | D17: 2013 | E17: 2014 | F17: 2015 | G17: 2016 | H17: 2017 | I17: 2018 | J17: 2019 | K17: 2020 | L17: 2021 | M17: 2022 | N17: 2023 | O17: 2024 | P17: Total
A19: 1 | B19: 79947 | C19: 81072 | D19: 80436 | E19: 79710 | F19: 80350 | G19: 80543 | H19: 102139 | I19: 98174 | J19: 96632 | K19: 104614 | L19: 101921 | M19: 100499 | N19: 100601 | O19: 96360 | P19: 1282998
A20: 2 | B20: 8059 | C20: 9814 | D20: 10300 | E20: 10195 | F20: 9661 | G20: 7921 | H20: 8052 | I20: 8114 | J20: 8069 | K20: 7406 | L20: 7676 | M20: 7972 | N20: 8001 | O20: 8077 | P20: 119317
A21: 3 | B21: 622507 | C21: 608965 | D21: 605446 | E21: 607427 | F21: 615423 | G21: 629033 | H21: 658715 | I21: 676763 | J21: 670320 | K21: 679044 | L21: 698151 | M21: 713970 | N21: 717265 | O21: 716878 | P21: 9219907
A22: 4 | B22: 26130 | C22: 25628 | D22: 25479 | E22: 26631 | F22: 26000 | G22: 26079 | H22: 26482 | I22: 26776 | J22: 27827 | K22: 29701 | L22: 31655 | M22: 34158 | N22: 38736 | O22: 40598 | P22: 411880
A23: 5 | B23: 36408 | C23: 31320 | D23: 31534 | E23: 31236 | F23: 31711 | G23: 32641 | H23: 34227 | I23: 34763 | J23: 35195 | K23: 36124 | L23: 37100 | M23: 37819 | N23: 38551 | O23: 40424 | P23: 489053
A24: 6 | B24: 322635 | C24: 294076 | D24: 279811 | E24: 273856 | F24: 275585 | G24: 284292 | H24: 298377 | I24: 307593 | J24: 311875 | K24: 318810 | L24: 326567 | M24: 330972 | N24: 332772 | O24: 344432 | P24: 4301653
A25: 7 | B25: 1195274 | C25: 1181070 | D25: 1181400 | E25: 1197443 | F25: 1209566 | G25: 1242653 | H25: 1279288 | I25: 1290162 | J25: 1297603 | K25: 1307482 | L25: 1313457 | M25: 1307828 | N25: 1311748 | O25: 1294115 | P25: 17609089
A26: 8 | B26: 348250 | C26: 342971 | D26: 338881 | E26: 337807 | F26: 339917 | G26: 345135 | H26: 368186 | I26: 373049 | J26: 366463 | K26: 373139 | L26: 381496 | M26: 385515 | N26: 387084 | O26: 391220 | P26: 5079113
A27: 9 | B27: 302602 | C27: 306386 | D27: 317982 | E27: 331517 | F27: 349119 | G27: 361993 | H27: 376826 | I27: 387937 | J27: 369593 | K27: 376338 | L27: 403653 | M27: 423761 | N27: 429611 | O27: 426368 | P27: 5163686
A28: 10 | B28: 213052 | C28: 207814 | D28: 214571 | E28: 220314 | F28: 230405 | G28: 242756 | H28: 253945 | I28: 262747 | J28: 268368 | K28: 283269 | L28: 301105 | M28: 305457 | N28: 300206 | O28: 296170 | P28: 3600179
A29: 11 | B29: 228607 | C29: 221475 | D29: 212669 | E29: 218243 | F29: 212590 | G29: 201095 | H29: 198759 | I29: 193456 | J29: 202817 | K29: 205222 | L29: 211173 | M29: 214810 | N29: 211481 | O29: 211970 | P29: 2944367
A30: 12 | B30: 57714 | C30: 56139 | D30: 55370 | E30: 54849 | F30: 55387 | G30: 56183 | H30: 56773 | I30: 57800 | J30: 58504 | K30: 59221 | L30: 59536 | M30: 60879 | N30: 62863 | O30: 65604 | P30: 816822
... A38: 78 | B38: 463758 | C38: 478482 | D38: 509916 | E38: 561069 | F38: 606964 | G38: 649141 | H38: 808878 | I38: 754777 | J38: 618851 | K38: 738376 | L38: 752766 | M38: 694022 | N38: 668581 | O38: 616501 | P38: 8922082
A40: Total | B40: 6988782 | C40: 6881353 | D40: 6865753 | E40: 6921503 | F40: 7039106 | G40: 7214202 | H40: 7620677 | I40: 7712394 | J40: 7619544 | K40: 7882821 | L40: 8075059 | M40: 8144388 | N40: 8188733 | O40: 8197420 | P40: 105351735
A43: TBV FIGUUR
B44: 2011 | C44: 2012 | D44: 2013 | E44: 2014 | F44: 2015 | G44: 2016 | H44: 2017 | I44: 2018 | J44: 2019 | K44: 2020 | L44: 2021 | M44: 2022 | N44: 2023 | O44: 2024
A45: Baanblijvers | B45: =B7/1000 -> 5312.403 | C45: =C7/1000 -> 5332.636 | D45: =D7/1000 -> 5227.666 | E45: =E7/1000 -> 5148.045 | F45: =F7/1000 -> 5176.431 | G45: =G7/1000 -> 5242.988 | H45: =H7/1000 -> 5357.774 | I45: =I7/1000 -> 5552.592 | ... O45: =O7/1000 -> 6176.598
A46: Baanbeëindigers | baan-baan-wisselaars | B46: =B8/1000 -> 1122.938 | C46: =C8/1000 -> 1001.65 | D46: =D8/1000 -> 1037.592 | E46: =E8/1000 -> 1117.965 | F46: =F8/1000 -> 1175.544 | G46: =G8/1000 -> 1250.017 | H46: =H8/1000 -> 1305.975 | I46: =I8/1000 -> 1415.003 | ... O46: =O8/1000 -> 1316.475
A47: Baanbeëindigers | uitstroom niet-werknemersbaan | B47: =B10/1000 -> 657.018 | C47: =C10/1000 -> 684.786 | D47: =D10/1000 -> 643.707 | E47: =E10/1000 -> 627.534 | F47: =F10/1000 -> 601.986 | G47: =G10/1000 -> 581.53 | H47: =H10/1000 -> 592.127 | I47: =I10/1000 -> 702.842 | ... O47: =O10/1000 -> 768.718
A48: Totaal werknemers | B48: =B45+B46+B47 -> 7092.359 | C48: =C45+C46+C47 -> 7019.072 | D48: =D45+D46+D47 -> 6908.965 | E48: =E45+E46+E47 -> 6893.544 | F48: =F45+F46+F47 -> 6953.961 | G48: =G45+G46+G47 -> 7074.535 | H48: =H45+H46+H47 -> 7255.876 | I48: =I45+I46+I47 -> 7670.437 | ... O48: =O45+O46+O47 -> 8261.791
A49: Baanstarters | B49: =B9/1000 -> 553.441 | C49: =C9/1000 -> 547.067 | D49: =D9/1000 -> 600.495 | E49: =E9/1000 -> 655.493 | F49: =F9/1000 -> 687.131 | G49: =G9/1000 -> 721.197 | H49: =H9/1000 -> 956.928 | I49: =I9/1000 -> 744.799 | ... O49: =O9/1000 -> 704.347
A54: Figuur 2 | Q54: Gemiddelde
B55: 2011 | C55: 2012 | D55: 2013 | E55: 2014 | F55: 2015 | G55: 2016 | H55: 2017 | I55: 2018 | J55: 2019 | K55: 2020 | L55: 2021 | M55: 2022 | N55: 2023 | O55: 2024 | Q55: 2011-2025
A56: Baanblijvers | B56: =B45/B$48 -> 0.74903188 | C56: =C45/C$48 -> 0.75973519 | D56: =D45/D$48 -> 0.75664966 | E56: =E45/E$48 -> 0.74679222 | F56: =F45/F$48 -> 0.74438597 | G56: =G45/G$48 -> 0.74110708 | H56: =H45/H$48 -> 0.73840485 | I56: =I45/I$48 -> 0.72389513 | ... O56: =O45/O$48 -> 0.74761005 | Q56: =AVERAGE(B56:O56) -> 0.74259367
A57: Baan-baanwisselaars | B57: =B46/B$48 -> 0.15833068 | C57: =C46/C$48 -> 0.14270405 | D57: =D46/D$48 -> 0.15018053 | E57: =E46/E$48 -> 0.16217565 | F57: =F46/F$48 -> 0.16904668 | G57: =G46/G$48 -> 0.17669246 | H57: =H46/H$48 -> 0.17998861 | I57: =I46/I$48 -> 0.18447489 | ... O57: =O46/O$48 -> 0.15934499 | Q57: =AVERAGE(B57:O57) -> 0.16679906
A58: Uitstroom naar niet-werknemersbaan | B58: =B47/B$48 -> 0.092637443 | C58: =C47/C$48 -> 0.09756076 | D58: =D47/D$48 -> 0.093169816 | E58: =E47/E$48 -> 0.091032131 | F58: =F47/F$48 -> 0.086567353 | G58: =G47/G$48 -> 0.082200456 | H58: =H47/H$48 -> 0.081606549 | I58: =I47/I$48 -> 0.091629981 | ... O58: =O47/O$48 -> 0.093044958 | Q58: =AVERAGE(B58:O58) -> 0.090607264
A59: Instroom vanuit niet-werknemersbaan | B59: =B49/(B40/1000) -> 0.079189907 | C59: =C49/(C40/1000) -> 0.079499918 | D59: =D49/(D40/1000) -> 0.087462366 | E59: =E49/(E40/1000) -> 0.094703853 | F59: =F49/(F40/1000) -> 0.097616231 | G59: =G49/(G40/1000) -> 0.099969061 | H59: =H49/(H40/1000) -> 0.12556995 | I59: =I49/(I40/1000) -> 0.0965717 | ... O59: =O49/(O40/1000) -> 0.08592301 | Q59: =AVERAGE(B59:O59) -> 0.094683336
A60: Totaal werknemers | B60: =B48/B$48 -> 1 | C60: =C48/C$48 -> 1 | D60: =D48/D$48 -> 1 | E60: =E48/E$48 -> 1 | F60: =F48/F$48 -> 1 | G60: =G48/G$48 -> 1 | H60: =H48/H$48 -> 1 | I60: =I48/I$48 -> 1 | ... O60: =O48/O$48 -> 1 | Q60: =AVERAGE(B60:O60) -> 1

Sheet Figuur_4a
A1: switch_beid_stream==0 | B1: year
A2: Geslacht | B2: 2011 | C2: 2012 | D2: 2013 | E2: 2014 | F2: 2015 | G2: 2016 | H2: 2017 | I2: 2018 | J2: 2019 | K2: 2020 | L2: 2021 | M2: 2022 | N2: 2023 | O2: 2024 | P2: Total | U2: TOTAAL WERKNEMERS
V3: 2011 | W3: 2012 | X3: 2013 | Y3: 2014 | Z3: 2015 | AA3: 2016 | AB3: 2017 | AC3: 2018 | AD3: 2019 | AE3: 2020 | AF3: 2021 | AG3: 2022 | AH3: 2023 | AI3: 2024 | AJ3: Total
A4: Man | B4: 3703155 | C4: 3644380 | D4: 3577890 | E4: 3567381 | F4: 3605517 | G4: 3666120 | H4: 3753429 | I4: 3990436 | J4: 4014146 | K4: 3931681 | L4: 4065811 | M4: 4156910 | N4: 4181943 | O4: 4197746 | P4: 54056545 | U4: man | V4: =B4/1000 -> 3703.155 | W4: =C4/1000 -> 3644.38 | X4: =D4/1000 -> 3577.89 | Y4: =E4/1000 -> 3567.381 | Z4: =F4/1000 -> 3605.517 | AA4: =G4/1000 -> 3666.12 | AB4: =H4/1000 -> 3753.429 | AC4: =I4/1000 -> 3990.436 | ... AI4: =O4/1000 -> 4197.746 | AJ4: =(O4+O12+O28)/1000 -> 4869.42
A5: Vrouw | B5: 3389204 | C5: 3374692 | D5: 3331075 | E5: 3326163 | F5: 3348444 | G5: 3408415 | H5: 3502447 | I5: 3680001 | J5: 3751781 | K5: 3734384 | L5: 3872474 | M5: 3986927 | N5: 4037272 | O5: 4064045 | P5: 50807324 | U5: vrouw | V5: =B5/1000 -> 3389.204 | W5: =C5/1000 -> 3374.692 | X5: =D5/1000 -> 3331.075 | Y5: =E5/1000 -> 3326.163 | Z5: =F5/1000 -> 3348.444 | AA5: =G5/1000 -> 3408.415 | AB5: =H5/1000 -> 3502.447 | AC5: =I5/1000 -> 3680.001 | ... AI5: =O5/1000 -> 4064.045 | AJ5: =(O5+O13+O29)/1000 -> 4708.846
A7: Total | B7: 7092359 | C7: 7019072 | D7: 6908965 | E7: 6893544 | F7: 6953961 | G7: 7074535 | H7: 7255876 | I7: 7670437 | J7: 7765927 | K7: 7666065 | L7: 7938285 | M7: 8143837 | N7: 8219215 | O7: 8261791 | P7: 104863869 | U7: Total | V7: =B7/1000 -> 7092.359 | W7: =C7/1000 -> 7019.072 | X7: =D7/1000 -> 6908.965 | Y7: =E7/1000 -> 6893.544 | Z7: =F7/1000 -> 6953.961 | AA7: =G7/1000 -> 7074.535 | AB7: =H7/1000 -> 7255.876 | AC7: =I7/1000 -> 7670.437 | ... AI7: =O7/1000 -> 8261.791 | AJ7: =(O7+O15+O31)/1000 -> 9578.266
A9: switch_beid_stream==1 | B9: year
A10: Geslacht | B10: 2011 | C10: 2012 | D10: 2013 | E10: 2014 | F10: 2015 | G10: 2016 | H10: 2017 | I10: 2018 | J10: 2019 | K10: 2020 | L10: 2021 | M10: 2022 | N10: 2023 | O10: 2024 | P10: Total | U10: Figuur
V11: 2011 | W11: 2012 | X11: 2013 | Y11: 2014 | Z11: 2015 | AA11: 2016 | AB11: 2017 | AC11: 2018 | AD11: 2019 | AE11: 2020 | AF11: 2021 | AG11: 2022 | AH11: 2023 | AI11: 2024 | AJ11: Total
A12: Man | B12: 583750 | C12: 524751 | D12: 555207 | E12: 565006 | F12: 598386 | G12: 641873 | H12: 670052 | I12: 720666 | J12: 623068 | K12: 634913 | L12: 721995 | M12: 710432 | N12: 674278 | O12: 671674 | P12: 8896051 | U12: man | V12: =B12/(V4*1000) -> 0.15763585 | W12: =C12/(W4*1000) -> 0.1439891 | X12: =D12/(X4*1000) -> 0.15517721 | Y12: =E12/(Y4*1000) -> 0.15838118 | Z12: =F12/(Z4*1000) -> 0.16596399 | AA12: =G12/(AA4*1000) -> 0.17508238 | AB12: =H12/(AB4*1000) -> 0.1785173 | AC12: =I12/(AC4*1000) -> 0.18059831 | ... AI12: =O12/(AI4*1000) -> 0.16000825 | AJ12: =O12/(AJ4*1000) -> 0.13793717
A13: Vrouw | B13: 539188 | C13: 476899 | D13: 482385 | E13: 552959 | F13: 577158 | G13: 608144 | H13: 635923 | I13: 694337 | J13: 618270 | K13: 628596 | L13: 730937 | M13: 722135 | N13: 711886 | O13: 644801 | P13: 8623618 | U13: vrouw | V13: =B13/(V5*1000) -> 0.15908986 | W13: =C13/(W5*1000) -> 0.1413163 | X13: =D13/(X5*1000) -> 0.14481361 | Y13: =E13/(Y5*1000) -> 0.16624531 | Z13: =F13/(Z5*1000) -> 0.17236603 | AA13: =G13/(AA5*1000) -> 0.17842428 | AB13: =H13/(AB5*1000) -> 0.18156535 | AC13: =I13/(AC5*1000) -> 0.18867848 | ... AI13: =O13/(AI5*1000) -> 0.15865991 | AJ13: =O13/(AJ5*1000) -> 0.13693397
A15: Total | B15: 1122938 | C15: 1001650 | D15: 1037592 | E15: 1117965 | F15: 1175544 | G15: 1250017 | H15: 1305975 | I15: 1415003 | J15: 1241338 | K15: 1263509 | L15: 1452932 | M15: 1432567 | N15: 1386164 | O15: 1316475 | P15: 17519669 | U15: Total | V15: =B15/(V7*1000) -> 0.15833068 | W15: =C15/(W7*1000) -> 0.14270405 | X15: =D15/(X7*1000) -> 0.15018053 | Y15: =E15/(Y7*1000) -> 0.16217565 | Z15: =F15/(Z7*1000) -> 0.16904668 | AA15: =G15/(AA7*1000) -> 0.17669246 | AB15: =H15/(AB7*1000) -> 0.17998861 | AC15: =I15/(AC7*1000) -> 0.18447489 | ... AI15: =O15/(AI7*1000) -> 0.15934499 | AJ15: =O15/(AJ7*1000) -> 0.13744398

Sheet Figuur_4b
A1: switch_beid_stream==0 | B1: year
A2: Age in 10y categories | B2: 2011 | C2: 2012 | D2: 2013 | E2: 2014 | F2: 2015 | G2: 2016 | H2: 2017 | I2: 2018 | J2: 2019 | K2: 2020 | L2: 2021 | M2: 2022 | N2: 2023 | O2: 2024 | P2: Total | U2: TOTAAL WERKNEMERS
V3: 2011 | W3: 2012 | X3: 2013 | Y3: 2014 | Z3: 2015 | AA3: 2016 | AB3: 2017 | AC3: 2018 | AD3: 2019 | AE3: 2020 | AF3: 2021 | AG3: 2022 | AH3: 2023 | AI3: 2024 | AJ3: Total
A4: 15 tot 25 | B4: 1189871 | C4: 1154817 | D4: 1115700 | E4: 1111226 | F4: 1135276 | G4: 1172995 | H4: 1229849 | I4: 1337699 | J4: 1342703 | K4: 1296484 | L4: 1401408 | M4: 1455626 | N4: 1465212 | O4: 1454662 | P4: 17863528 | U4: 15 tot 25 | V4: =B4/1000 -> 1189.871 | W4: =C4/1000 -> 1154.817 | X4: =D4/1000 -> 1115.7 | Y4: =E4/1000 -> 1111.226 | Z4: =F4/1000 -> 1135.276 | AA4: =G4/1000 -> 1172.995 | AB4: =H4/1000 -> 1229.849 | AC4: =I4/1000 -> 1337.699 | ... AJ4: =P4/1000 -> 17863.528
A5: 25 tot 35 | B5: 1521501 | C5: 1507962 | D5: 1486778 | E5: 1488491 | F5: 1506927 | G5: 1540951 | H5: 1590201 | I5: 1709314 | J5: 1736018 | K5: 1716845 | L5: 1781620 | M5: 1824746 | N5: 1845113 | O5: 1863059 | P5: 23119526 | U5: 25 tot 35 | V5: =B5/1000 -> 1521.501 | W5: =C5/1000 -> 1507.962 | X5: =D5/1000 -> 1486.778 | Y5: =E5/1000 -> 1488.491 | Z5: =F5/1000 -> 1506.927 | AA5: =G5/1000 -> 1540.951 | AB5: =H5/1000 -> 1590.201 | AC5: =I5/1000 -> 1709.314 | ... AJ5: =P5/1000 -> 23119.526
A6: 35 tot 45 | B6: 1649962 | C6: 1594173 | D6: 1532228 | E6: 1481957 | F6: 1451955 | G6: 1435727 | H6: 1432364 | I6: 1486998 | J6: 1492411 | K6: 1483025 | L6: 1533242 | M6: 1577768 | N6: 1598335 | O6: 1620052 | P6: 21370197 | U6: 35 tot 45 | V6: =B6/1000 -> 1649.962 | W6: =C6/1000 -> 1594.173 | X6: =D6/1000 -> 1532.228 | Y6: =E6/1000 -> 1481.957 | Z6: =F6/1000 -> 1451.955 | AA6: =G6/1000 -> 1435.727 | AB6: =H6/1000 -> 1432.364 | AC6: =I6/1000 -> 1486.998 | ... AJ6: =P6/1000 -> 21370.197
A7: 45 tot 55 | B7: 1661066 | C7: 1653705 | D7: 1631878 | E7: 1629258 | F7: 1636271 | G7: 1643795 | H7: 1653539 | I7: 1687713 | J7: 1667297 | K7: 1618588 | L7: 1619316 | M7: 1611651 | N7: 1583331 | O7: 1547682 | P7: 22845090 | U7: 45 tot 55 | V7: =B7/1000 -> 1661.066 | W7: =C7/1000 -> 1653.705 | X7: =D7/1000 -> 1631.878 | Y7: =E7/1000 -> 1629.258 | Z7: =F7/1000 -> 1636.271 | AA7: =G7/1000 -> 1643.795 | AB7: =H7/1000 -> 1653.539 | AC7: =I7/1000 -> 1687.713 | ... AJ7: =P7/1000 -> 22845.09
A8: 55 tot 65 | B8: 994028 | C8: 1026313 | D8: 1055393 | E8: 1092896 | F8: 1122581 | G8: 1167053 | H8: 1217795 | I8: 1292887 | J8: 1344853 | K8: 1365638 | L8: 1405258 | M8: 1447868 | N8: 1475729 | O8: 1501990 | P8: 17510282 | U8: 55 tot 65 | V8: =B8/1000 -> 994.028 | W8: =C8/1000 -> 1026.313 | X8: =D8/1000 -> 1055.393 | Y8: =E8/1000 -> 1092.896 | Z8: =F8/1000 -> 1122.581 | AA8: =G8/1000 -> 1167.053 | AB8: =H8/1000 -> 1217.795 | AC8: =I8/1000 -> 1292.887 | ... AJ8: =P8/1000 -> 17510.282
A9: 65 tot 75 | B9: 75931 | C9: 82102 | D9: 86988 | E9: 89716 | F9: 100951 | G9: 114014 | H9: 132128 | I9: 155826 | J9: 182645 | K9: 185485 | L9: 197441 | M9: 226178 | N9: 251495 | O9: 274346 | P9: 2155246 | U9: 65 tot 75 | V9: =B9/1000 -> 75.931 | W9: =C9/1000 -> 82.102 | X9: =D9/1000 -> 86.988 | Y9: =E9/1000 -> 89.716 | Z9: =F9/1000 -> 100.951 | AA9: =G9/1000 -> 114.014 | AB9: =H9/1000 -> 132.128 | AC9: =I9/1000 -> 155.826 | ... AJ9: =P9/1000 -> 2155.246
A11: Total | B11: 7092359 | C11: 7019072 | D11: 6908965 | E11: 6893544 | F11: 6953961 | G11: 7074535 | H11: 7255876 | I11: 7670437 | J11: 7765927 | K11: 7666065 | L11: 7938285 | M11: 8143837 | N11: 8219215 | O11: 8261791 | P11: 104863869 | U11: Total | V11: =B11/1000 -> 7092.359 | W11: =C11/1000 -> 7019.072 | X11: =D11/1000 -> 6908.965 | Y11: =E11/1000 -> 6893.544 | Z11: =F11/1000 -> 6953.961 | AA11: =G11/1000 -> 7074.535 | AB11: =H11/1000 -> 7255.876 | AC11: =I11/1000 -> 7670.437 | ... AJ11: =P11/1000 -> 104863.87
V12: =#REF! -> #REF! | W12: =#REF! -> #REF! | X12: =#REF! -> #REF! | Y12: =#REF! -> #REF! | Z12: =#REF! -> #REF! | AA12: =#REF! -> #REF! | AB12: =#REF! -> #REF! | AC12: =#REF! -> #REF! | ... AH12: =#REF! -> #REF!
A13: switch_beid_stream==1 | B13: year
A14: Age in 10y categories | B14: 2011 | C14: 2012 | D14: 2013 | E14: 2014 | F14: 2015 | G14: 2016 | H14: 2017 | I14: 2018 | J14: 2019 | K14: 2020 | L14: 2021 | M14: 2022 | N14: 2023 | O14: 2024 | P14: Total | U14: Figuur
V15: 2011 | W15: 2012 | X15: 2013 | Y15: 2014 | Z15: 2015 | AA15: 2016 | AB15: 2017 | AC15: 2018 | AD15: 2019 | AE15: 2020 | AF15: 2021 | AG15: 2022 | AH15: 2023 | AI15: 2024 | AJ15: Total
A16: 15 tot 25 | B16: 351885 | C16: 323078 | D16: 324032 | E16: 356477 | F16: 384605 | G16: 399736 | H16: 421216 | I16: 440998 | J16: 410336 | K16: 420402 | L16: 483052 | M16: 478100 | N16: 461155 | O16: 453307 | P16: 5708379 | U16: 15 tot 25 | V16: =B16/(V4*1000) -> 0.29573374 | W16: =C16/(W4*1000) -> 0.27976554 | X16: =D16/(X4*1000) -> 0.29042933 | Y16: =E16/(Y4*1000) -> 0.32079613 | Z16: =F16/(Z4*1000) -> 0.33877665 | AA16: =G16/(AA4*1000) -> 0.34078236 | AB16: =H16/(AB4*1000) -> 0.34249408 | AC16: =I16/(AC4*1000) -> 0.32966908 | ... AJ16: =P16/(AJ4*1000) -> 0.31955496
A17: 25 tot 35 | B17: 283049 | C17: 252179 | D17: 268993 | E17: 296273 | F17: 322597 | G17: 340113 | H17: 362740 | I17: 389743 | J17: 340860 | K17: 349533 | L17: 398689 | M17: 377758 | N17: 362328 | O17: 352802 | P17: 4697657 | U17: 25 tot 35 | V17: =B17/(V5*1000) -> 0.18603274 | W17: =C17/(W5*1000) -> 0.16723167 | X17: =D17/(X5*1000) -> 0.18092345 | Y17: =E17/(Y5*1000) -> 0.19904252 | Z17: =F17/(Z5*1000) -> 0.21407606 | AA17: =G17/(AA5*1000) -> 0.2207163 | AB17: =H17/(AB5*1000) -> 0.22810953 | AC17: =I17/(AC5*1000) -> 0.22801135 | ... AJ17: =P17/(AJ5*1000) -> 0.20319002
A18: 35 tot 45 | B18: 220912 | C18: 186057 | D18: 186761 | E18: 195381 | F18: 199112 | G18: 212014 | H18: 218844 | I18: 239190 | J18: 201630 | K18: 203680 | L18: 239906 | M18: 238697 | N18: 227408 | O18: 213139 | P18: 2982731 | U18: 35 tot 45 | V18: =B18/(V6*1000) -> 0.13388914 | W18: =C18/(W6*1000) -> 0.11671067 | X18: =D18/(X6*1000) -> 0.12188852 | Y18: =E18/(Y6*1000) -> 0.13183986 | Z18: =F18/(Z6*1000) -> 0.13713373 | AA18: =G18/(AA6*1000) -> 0.14767014 | AB18: =H18/(AB6*1000) -> 0.15278519 | AC18: =I18/(AC6*1000) -> 0.16085428 | ... AJ18: =P18/(AJ6*1000) -> 0.13957433
A19: 45 tot 55 | B19: 182850 | C19: 159966 | D19: 167448 | E19: 177113 | F19: 178399 | G19: 195491 | H19: 199251 | I19: 221834 | J19: 182655 | K19: 179257 | L19: 204022 | M19: 201866 | N19: 189980 | O19: 168407 | P19: 2608539 | U19: 45 tot 55 | V19: =B19/(V7*1000) -> 0.11007991 | W19: =C19/(W7*1000) -> 0.096731884 | X19: =D19/(X7*1000) -> 0.10261061 | Y19: =E19/(Y7*1000) -> 0.10870777 | Z19: =F19/(Z7*1000) -> 0.10902778 | AA19: =G19/(AA7*1000) -> 0.11892663 | AB19: =H19/(AB7*1000) -> 0.12049973 | AC19: =I19/(AC7*1000) -> 0.13144059 | ... AJ19: =P19/(AJ7*1000) -> 0.11418379
A20: 55 tot 65 | B20: 78384 | C20: 73790 | D20: 83362 | E20: 86305 | F20: 83569 | G20: 94924 | H20: 94446 | I20: 112690 | J20: 95396 | K20: 100400 | L20: 115255 | M20: 122634 | N20: 129262 | O20: 112412 | P20: 1382829 | U20: 55 tot 65 | V20: =B20/(V8*1000) -> 0.078854922 | W20: =C20/(W8*1000) -> 0.071898144 | X20: =D20/(X8*1000) -> 0.07898669 | Y20: =E20/(Y8*1000) -> 0.078969088 | Z20: =F20/(Z8*1000) -> 0.074443626 | AA20: =G20/(AA8*1000) -> 0.081336495 | AB20: =H20/(AB8*1000) -> 0.077554925 | AC20: =I20/(AC8*1000) -> 0.087161523 | ... AJ20: =P20/(AJ8*1000) -> 0.0789724
A21: 65 tot 75 | B21: 5858 | C21: 6580 | D21: 6996 | E21: 6416 | F21: 7262 | G21: 7739 | H21: 9478 | I21: 10548 | J21: 10461 | K21: 10237 | L21: 12008 | M21: 13512 | N21: 16031 | O21: 16408 | P21: 139534 | U21: 65 tot 75 | V21: =B21/(V9*1000) -> 0.077148991 | W21: =C21/(W9*1000) -> 0.080144211 | X21: =D21/(X9*1000) -> 0.080424886 | Y21: =E21/(Y9*1000) -> 0.071514557 | Z21: =F21/(Z9*1000) -> 0.07193589 | AA21: =G21/(AA9*1000) -> 0.067877629 | AB21: =H21/(AB9*1000) -> 0.071733471 | AC21: =I21/(AC9*1000) -> 0.067690886 | ... AJ21: =P21/(AJ9*1000) -> 0.064741565
A23: Total | B23: 1122938 | C23: 1001650 | D23: 1037592 | E23: 1117965 | F23: 1175544 | G23: 1250017 | H23: 1305975 | I23: 1415003 | J23: 1241338 | K23: 1263509 | L23: 1452932 | M23: 1432567 | N23: 1386164 | O23: 1316475 | P23: 17519669 | U23: Total | V23: =B23/(V11*1000) -> 0.15833068 | W23: =C23/(W11*1000) -> 0.14270405 | X23: =D23/(X11*1000) -> 0.15018053 | Y23: =E23/(Y11*1000) -> 0.16217565 | Z23: =F23/(Z11*1000) -> 0.16904668 | AA23: =G23/(AA11*1000) -> 0.17669246 | AB23: =H23/(AB11*1000) -> 0.17998861 | AC23: =I23/(AC11*1000) -> 0.18447489 | ... AJ23: =P23/(AJ11*1000) -> 0.1670706
V24: =#REF! -> #REF! | W24: =#REF! -> #REF! | X24: =#REF! -> #REF! | Y24: =#REF! -> #REF! | Z24: =#REF! -> #REF! | AA24: =#REF! -> #REF! | AB24: =#REF! -> #REF! | AC24: =#REF! -> #REF! | ... AI24: =#REF! -> #REF!

Sheet Figuur_4c
A1: switch_beid_stream==0 | B1: year
A2: Highest level of education achieved, SOI2016 | B2: 2011 | C2: 2012 | D2: 2013 | E2: 2014 | F2: 2015 | G2: 2016 | H2: 2017 | I2: 2018 | J2: 2019 | K2: 2020 | L2: 2021 | M2: 2022 | N2: 2023 | O2: 2024 | P2: Total | V2: TOTAAL WERKNEMERS
W3: 2011 | X3: 2012 | Y3: 2013 | Z3: 2014 | AA3: 2015 | AB3: 2016 | AC3: 2017 | AD3: 2018 | AE3: 2019 | AF3: 2020 | AG3: 2021 | AH3: 2022 | AI3: 2023 | AJ3: 2024
A4: Lower | B4: 955599 | C4: 941458 | D4: 923864 | E4: 919005 | F4: 929647 | G4: 977816 | H4: 1019370 | I4: 1068282 | J4: 1096919 | K4: 1031919 | L4: 1049004 | M4: 1097128 | N4: 1114154 | O4: 1102287 | P4: 14226452 | V4: mbo1 of lager | W4: =B4/1000 -> 955.599 | X4: =C4/1000 -> 941.458 | Y4: =D4/1000 -> 923.864 | Z4: =E4/1000 -> 919.005 | AA4: =F4/1000 -> 929.647 | AB4: =G4/1000 -> 977.816 | AC4: =H4/1000 -> 1019.37 | AD4: =I4/1000 -> 1068.282 | ... AJ4: =O4/1000 -> 1102.287
A5: Medium | B5: 1792442 | C5: 1881062 | D5: 1982171 | E5: 2007412 | F5: 2065699 | G5: 2172154 | H5: 2286551 | I5: 2368697 | J5: 2434668 | K5: 2464033 | L5: 2578062 | M5: 2604257 | N5: 2618333 | O5: 2637730 | P5: 31893271 | V5: mbo2-4 | W5: =B5/1000 -> 1792.442 | X5: =C5/1000 -> 1881.062 | Y5: =D5/1000 -> 1982.171 | Z5: =E5/1000 -> 2007.412 | AA5: =F5/1000 -> 2065.699 | AB5: =G5/1000 -> 2172.154 | AC5: =H5/1000 -> 2286.551 | AD5: =I5/1000 -> 2368.697 | ... AJ5: =O5/1000 -> 2637.73
A6: Bachelor | B6: 873292 | C6: 908801 | D6: 1063967 | E6: 1083482 | F6: 1121771 | G6: 1170844 | H6: 1240399 | I6: 1317929 | J6: 1369607 | K6: 1405119 | L6: 1454222 | M6: 1501112 | N6: 1479340 | O6: 1514023 | P6: 17503908 | V6: bachelor | W6: =B6/1000 -> 873.292 | X6: =C6/1000 -> 908.801 | Y6: =D6/1000 -> 1063.967 | Z6: =E6/1000 -> 1083.482 | AA6: =F6/1000 -> 1121.771 | AB6: =G6/1000 -> 1170.844 | AC6: =H6/1000 -> 1240.399 | AD6: =I6/1000 -> 1317.929 | ... AJ6: =O6/1000 -> 1514.023
A7: Master | B7: 450382 | C7: 474445 | D7: 602890 | E7: 633155 | F7: 660238 | G7: 689592 | H7: 723145 | I7: 754142 | J7: 794064 | K7: 829354 | L7: 877356 | M7: 920881 | N7: 1007265 | O7: 1027186 | P7: 10444095 | V7: master of hoger | W7: =B7/1000 -> 450.382 | X7: =C7/1000 -> 474.445 | Y7: =D7/1000 -> 602.89 | Z7: =E7/1000 -> 633.155 | AA7: =F7/1000 -> 660.238 | AB7: =G7/1000 -> 689.592 | AC7: =H7/1000 -> 723.145 | AD7: =I7/1000 -> 754.142 | ... AJ7: =O7/1000 -> 1027.186
B8: 3020644 | C8: 2813306 | D8: 2336073 | E8: 2250490 | F8: 2176606 | G8: 2064129 | H8: 1986411 | I8: 2161387 | J8: 2070669 | K8: 1935640 | L8: 1979641 | M8: 2020459 | N8: 2000123 | O8: 1980565 | P8: 30796143 | V8: onbekend | W8: =B8/1000 -> 3020.644 | X8: =C8/1000 -> 2813.306 | Y8: =D8/1000 -> 2336.073 | Z8: =E8/1000 -> 2250.49 | AA8: =F8/1000 -> 2176.606 | AB8: =G8/1000 -> 2064.129 | AC8: =H8/1000 -> 1986.411 | AD8: =I8/1000 -> 2161.387 | ... AJ8: =O8/1000 -> 1980.565
A10: Total | B10: 7092359 | C10: 7019072 | D10: 6908965 | E10: 6893544 | F10: 6953961 | G10: 7074535 | H10: 7255876 | I10: 7670437 | J10: 7765927 | K10: 7666065 | L10: 7938285 | M10: 8143837 | N10: 8219215 | O10: 8261791 | P10: 104863869 | V10: totaal | W10: =B10/1000 -> 7092.359 | X10: =C10/1000 -> 7019.072 | Y10: =D10/1000 -> 6908.965 | Z10: =E10/1000 -> 6893.544 | AA10: =F10/1000 -> 6953.961 | AB10: =G10/1000 -> 7074.535 | AC10: =H10/1000 -> 7255.876 | AD10: =I10/1000 -> 7670.437 | ... AJ10: =O10/1000 -> 8261.791
V11: totaal | W11: =#REF! -> #REF! | X11: =#REF! -> #REF! | Y11: =#REF! -> #REF! | Z11: =#REF! -> #REF! | AA11: =#REF! -> #REF! | AB11: =#REF! -> #REF! | AC11: =#REF! -> #REF! | AD11: =#REF! -> #REF! | ... AJ11: =#REF! -> #REF!
A12: switch_beid_stream==1 | B12: year
A13: Highest level of education achieved, SOI2016 | B13: 2011 | C13: 2012 | D13: 2013 | E13: 2014 | F13: 2015 | G13: 2016 | H13: 2017 | I13: 2018 | J13: 2019 | K13: 2020 | L13: 2021 | M13: 2022 | N13: 2023 | O13: 2024 | P13: Total | V13: Figuur
W14: 2011 | X14: 2012 | Y14: 2013 | Z14: 2014 | AA14: 2015 | AB14: 2016 | AC14: 2017 | AD14: 2018 | AE14: 2019 | AF14: 2020 | AG14: 2021 | AH14: 2022 | AI14: 2023 | AJ14: 2024
A15: Lower | B15: 221550 | C15: 200760 | D15: 191827 | E15: 212568 | F15: 232287 | G15: 249604 | H15: 268829 | I15: 281122 | J15: 256787 | K15: 247979 | L15: 285696 | M15: 286855 | N15: 281227 | O15: 266132 | P15: 3483223 | V15: mbo1 of lager | W15: =B15/(W4*1000) -> 0.23184411 | X15: =C15/(X4*1000) -> 0.21324371 | Y15: =D15/(Y4*1000) -> 0.20763554 | Z15: =E15/(Z4*1000) -> 0.23130233 | AA15: =F15/(AA4*1000) -> 0.24986581 | AB15: =G15/(AB4*1000) -> 0.25526684 | AC15: =H15/(AC4*1000) -> 0.26372073 | AD15: =I15/(AD4*1000) -> 0.26315336 | ... AJ15: =O15/(AJ4*1000) -> 0.24143621
A16: Medium | B16: 368267 | C16: 348115 | D16: 395935 | E16: 431947 | F16: 468744 | G16: 487958 | H16: 516537 | I16: 519668 | J16: 461881 | K16: 477427 | L16: 549345 | M16: 522529 | N16: 498846 | O16: 469014 | P16: 6516213 | V16: mbo2-4 | W16: =B16/(W5*1000) -> 0.20545546 | X16: =C16/(X5*1000) -> 0.18506301 | Y16: =D16/(Y5*1000) -> 0.19974815 | Z16: =E16/(Z5*1000) -> 0.21517606 | AA16: =F16/(AA5*1000) -> 0.22691786 | AB16: =G16/(AB5*1000) -> 0.22464245 | AC16: =H16/(AC5*1000) -> 0.22590224 | AD16: =I16/(AD5*1000) -> 0.21938982 | ... AJ16: =O16/(AJ5*1000) -> 0.17780971
A17: Bachelor | B17: 142608 | C17: 130055 | D17: 163596 | E17: 185118 | F17: 200792 | G17: 211443 | H17: 222683 | I17: 243142 | J17: 209595 | K17: 222348 | L17: 249825 | M17: 244007 | N17: 226787 | O17: 214745 | P17: 2866744 | V17: bachelor | W17: =B17/(W6*1000) -> 0.16329933 | X17: =C17/(X6*1000) -> 0.14310614 | Y17: =D17/(Y6*1000) -> 0.15376041 | Z17: =E17/(Z6*1000) -> 0.17085471 | AA17: =F17/(AA6*1000) -> 0.17899553 | AB17: =G17/(AB6*1000) -> 0.18059024 | AC17: =H17/(AC6*1000) -> 0.1795253 | AD17: =I17/(AD6*1000) -> 0.18448794 | ... AJ17: =O17/(AJ6*1000) -> 0.14183734
A18: Master | B18: 73979 | C18: 66487 | D18: 86789 | E18: 100765 | F18: 106936 | G18: 119753 | H18: 118437 | I18: 131533 | J18: 115487 | K18: 124485 | L18: 136870 | M18: 135937 | N18: 138680 | O18: 133583 | P18: 1589721 | V18: master of hoger | W18: =B18/(W7*1000) -> 0.16425834 | X18: =C18/(X7*1000) -> 0.14013637 | Y18: =D18/(Y7*1000) -> 0.14395495 | Z18: =E18/(Z7*1000) -> 0.15914744 | AA18: =F18/(AA7*1000) -> 0.16196584 | AB18: =G18/(AB7*1000) -> 0.17365776 | AC18: =H18/(AC7*1000) -> 0.16378043 | AD18: =I18/(AD7*1000) -> 0.1744141 | ... AJ18: =O18/(AJ7*1000) -> 0.13004753
B19: 316534 | C19: 256233 | D19: 199445 | E19: 187567 | F19: 166785 | G19: 181259 | H19: 179489 | I19: 239538 | J19: 197588 | K19: 191270 | L19: 231196 | M19: 243239 | N19: 240624 | O19: 233001 | P19: 3063768 | V19: onbekend | W19: =B19/(W8*1000) -> 0.10479024 | X19: =C19/(X8*1000) -> 0.091078965 | Y19: =D19/(Y8*1000) -> 0.085376185 | Z19: =E19/(Z8*1000) -> 0.08334496 | AA19: =F19/(AA8*1000) -> 0.076626179 | AB19: =G19/(AB8*1000) -> 0.087813795 | AC19: =H19/(AC8*1000) -> 0.09035844 | AD19: =I19/(AD8*1000) -> 0.11082606 | ... AJ19: =O19/(AJ8*1000) -> 0.1176437
A20: Total
B21: 1122938 | C21: 1001650 | D21: 1037592 | E21: 1117965 | F21: 1175544 | G21: 1250017 | H21: 1305975 | I21: 1415003 | J21: 1241338 | K21: 1263509 | L21: 1452932 | M21: 1432567 | N21: 1386164 | O21: 1316475 | P21: 17519669 | V21: totaal | W21: =B21/(W10*1000) -> 0.15833068 | X21: =C21/(X10*1000) -> 0.14270405 | Y21: =D21/(Y10*1000) -> 0.15018053 | Z21: =E21/(Z10*1000) -> 0.16217565 | AA21: =F21/(AA10*1000) -> 0.16904668 | AB21: =G21/(AB10*1000) -> 0.17669246 | AC21: =H21/(AC10*1000) -> 0.17998861 | AD21: =I21/(AD10*1000) -> 0.18447489 | ... AJ21: =O21/(AJ10*1000) -> 0.15934499
V22: totaal | W22: =#REF! -> #REF! | X22: =#REF! -> #REF! | Y22: =#REF! -> #REF! | Z22: =#REF! -> #REF! | AA22: =#REF! -> #REF! | AB22: =#REF! -> #REF! | AC22: =#REF! -> #REF! | AD22: =#REF! -> #REF! | ... AJ22: =#REF! -> #REF!

Sheet Figuur_4d
A1: switch_beid_stream==0 | B1: year
A2: Contract type | B2: 2011 | C2: 2012 | D2: 2013 | E2: 2014 | F2: 2015 | G2: 2016 | H2: 2017 | I2: 2018 | J2: 2019 | K2: 2020 | L2: 2021 | M2: 2022 | N2: 2023 | O2: 2024 | P2: Total | U2: TOTAAL WERKNEMERS
V3: 2011 | W3: 2012 | X3: 2013 | Y3: 2014 | Z3: 2015 | AA3: 2016 | AB3: 2017 | AC3: 2018 | AD3: 2019 | AE3: 2020 | AF3: 2021 | AG3: 2022 | AH3: 2023 | AI3: 2024
A4: Onbepaalde tijd | B4: 4879788 | C4: 4791139 | D4: 4676980 | E4: 4579158 | F4: 4492097 | G4: 4504087 | H4: 4535536 | I4: 4674091 | J4: 4781800 | K4: 5121134 | L4: 5118247 | M4: 5184282 | N4: 5291011 | O4: 5386420 | P4: 68015770 | U4: vast | V4: =B4/1000 -> 4879.788 | W4: =C4/1000 -> 4791.139 | X4: =D4/1000 -> 4676.98 | Y4: =E4/1000 -> 4579.158 | Z4: =F4/1000 -> 4492.097 | AA4: =G4/1000 -> 4504.087 | AB4: =H4/1000 -> 4535.536 | AC4: =I4/1000 -> 4674.091 | ... AI4: =O4/1000 -> 5386.42
A5: Bepaalde tijd | B5: 1484993 | C5: 1456740 | D5: 1449269 | E5: 1479141 | F5: 1586130 | G5: 1649168 | H5: 1693022 | I5: 1854706 | J5: 1865676 | K5: 1292028 | L5: 1413506 | M5: 1534052 | N5: 1555810 | O5: 1529226 | P5: 21843467 | U5: tijdelijk | V5: =B5/1000 -> 1484.993 | W5: =C5/1000 -> 1456.74 | X5: =D5/1000 -> 1449.269 | Y5: =E5/1000 -> 1479.141 | Z5: =F5/1000 -> 1586.13 | AA5: =G5/1000 -> 1649.168 | AB5: =H5/1000 -> 1693.022 | AC5: =I5/1000 -> 1854.706 | ... AI5: =O5/1000 -> 1529.226
A6: Uitzend | B6: 335711 | C6: 332899 | D6: 331457 | E6: 354512 | F6: 395686 | G6: 427467 | H6: 470685 | I6: 596373 | J6: 547048 | K6: 414180 | L6: 513560 | M6: 514069 | N6: 460375 | O6: 436721 | P6: 6130743 | U6: uitzend | V6: =B6/1000 -> 335.711 | W6: =C6/1000 -> 332.899 | X6: =D6/1000 -> 331.457 | Y6: =E6/1000 -> 354.512 | Z6: =F6/1000 -> 395.686 | AA6: =G6/1000 -> 427.467 | AB6: =H6/1000 -> 470.685 | AC6: =I6/1000 -> 596.373 | ... AI6: =O6/1000 -> 436.721
A7: Oproep | B7: 391867 | C7: 438294 | D7: 451259 | E7: 480733 | F7: 480048 | G7: 493813 | H7: 556633 | I7: 545267 | J7: 571403 | K7: 838723 | L7: 892972 | M7: 911434 | N7: 912019 | O7: 909424 | P7: 8873889 | U7: oproep | V7: =B7/1000 -> 391.867 | W7: =C7/1000 -> 438.294 | X7: =D7/1000 -> 451.259 | Y7: =E7/1000 -> 480.733 | Z7: =F7/1000 -> 480.048 | AA7: =G7/1000 -> 493.813 | AB7: =H7/1000 -> 556.633 | AC7: =I7/1000 -> 545.267 | ... AI7: =O7/1000 -> 909.424
A9: Total | B9: 7092359 | C9: 7019072 | D9: 6908965 | E9: 6893544 | F9: 6953961 | G9: 7074535 | H9: 7255876 | I9: 7670437 | J9: 7765927 | K9: 7666065 | L9: 7938285 | M9: 8143837 | N9: 8219215 | O9: 8261791 | P9: 104863869 | U9: totaal | V9: =B9/1000 -> 7092.359 | W9: =C9/1000 -> 7019.072 | X9: =D9/1000 -> 6908.965 | Y9: =E9/1000 -> 6893.544 | Z9: =F9/1000 -> 6953.961 | AA9: =G9/1000 -> 7074.535 | AB9: =H9/1000 -> 7255.876 | AC9: =I9/1000 -> 7670.437 | ... AI9: =O9/1000 -> 8261.791
U10: totaal | V10: =#REF! -> #REF! | W10: =#REF! -> #REF! | X10: =#REF! -> #REF! | Y10: =#REF! -> #REF! | Z10: =#REF! -> #REF! | AA10: =#REF! -> #REF! | AB10: =#REF! -> #REF! | AC10: =#REF! -> #REF! | ... AI10: =#REF! -> #REF!
A11: switch_beid_stream==1 | B11: year
A12: Contract type | B12: 2011 | C12: 2012 | D12: 2013 | E12: 2014 | F12: 2015 | G12: 2016 | H12: 2017 | I12: 2018 | J12: 2019 | K12: 2020 | L12: 2021 | M12: 2022 | N12: 2023 | O12: 2024 | P12: Total | U12: Figuur
V13: 2011 | W13: 2012 | X13: 2013 | Y13: 2014 | Z13: 2015 | AA13: 2016 | AB13: 2017 | AC13: 2018 | AD13: 2019 | AE13: 2020 | AF13: 2021 | AG13: 2022 | AH13: 2023 | AI13: 2024
A14: Onbepaalde tijd | B14: 549714 | C14: 461335 | D14: 471467 | E14: 484428 | F14: 430169 | G14: 482886 | H14: 481777 | I14: 534554 | J14: 438533 | K14: 494504 | L14: 561042 | M14: 556869 | N14: 554413 | O14: 510425 | P14: 7012116 | U14: vast | V14: =B14/(V4*1000) -> 0.11265121 | W14: =C14/(W4*1000) -> 0.096289212 | X14: =D14/(X4*1000) -> 0.10080586 | Y14: =E14/(Y4*1000) -> 0.10578975 | Z14: =F14/(Z4*1000) -> 0.095761289 | AA14: =G14/(AA4*1000) -> 0.10721063 | AB14: =H14/(AB4*1000) -> 0.10622273 | AC14: =I14/(AC4*1000) -> 0.11436534 | ... AI14: =O14/(AI4*1000) -> 0.094761456
A15: Bepaalde tijd | B15: 335035 | C15: 309934 | D15: 324611 | E15: 352875 | F15: 402251 | G15: 434093 | H15: 446452 | I15: 475330 | J15: 422698 | K15: 325945 | L15: 374009 | M15: 380614 | N15: 376236 | O15: 358863 | P15: 5318946 | U15: tijdelijk | V15: =B15/(V5*1000) -> 0.22561386 | W15: =C15/(W5*1000) -> 0.21275863 | X15: =D15/(X5*1000) -> 0.22398257 | Y15: =E15/(Y5*1000) -> 0.23856752 | Z15: =F15/(Z5*1000) -> 0.25360532 | AA15: =G15/(AA5*1000) -> 0.26321939 | AB15: =H15/(AB5*1000) -> 0.26370124 | AC15: =I15/(AC5*1000) -> 0.25628321 | ... AI15: =O15/(AI5*1000) -> 0.2346697
A16: Uitzend | B16: 143069 | C16: 128941 | D16: 132331 | E16: 152521 | F16: 209215 | G16: 192444 | H16: 211690 | I16: 237066 | J16: 223968 | K16: 171571 | L16: 208985 | M16: 194249 | N16: 167980 | O16: 160816 | P16: 2534846 | U16: uitzend | V16: =B16/(V6*1000) -> 0.42616715 | W16: =C16/(W6*1000) -> 0.38732769 | X16: =D16/(X6*1000) -> 0.39924032 | Y16: =E16/(Y6*1000) -> 0.43022803 | Z16: =F16/(Z6*1000) -> 0.52873996 | AA16: =G16/(AA6*1000) -> 0.45019616 | AB16: =H16/(AB6*1000) -> 0.44974877 | AC16: =I16/(AC6*1000) -> 0.39751297 | ... AI16: =O16/(AI6*1000) -> 0.3682351
A17: Oproep | B17: 95120 | C17: 101440 | D17: 109183 | E17: 128141 | F17: 133909 | G17: 140594 | H17: 166056 | I17: 168053 | J17: 156139 | K17: 271489 | L17: 308896 | M17: 300835 | N17: 287535 | O17: 286371 | P17: 2653761 | U17: oproep | V17: =B17/(V7*1000) -> 0.24273542 | W17: =C17/(W7*1000) -> 0.23144282 | X17: =D17/(X7*1000) -> 0.24195196 | Y17: =E17/(Y7*1000) -> 0.26655337 | Z17: =F17/(Z7*1000) -> 0.27894919 | AA17: =G17/(AA7*1000) -> 0.28471101 | AB17: =H17/(AB7*1000) -> 0.29832223 | AC17: =I17/(AC7*1000) -> 0.30820314 | ... AI17: =O17/(AI7*1000) -> 0.31489272
A19: Total | B19: 1122938 | C19: 1001650 | D19: 1037592 | E19: 1117965 | F19: 1175544 | G19: 1250017 | H19: 1305975 | I19: 1415003 | J19: 1241338 | K19: 1263509 | L19: 1452932 | M19: 1432567 | N19: 1386164 | O19: 1316475 | P19: 17519669 | U19: totaal | V19: =B19/(V9*1000) -> 0.15833068 | W19: =C19/(W9*1000) -> 0.14270405 | X19: =D19/(X9*1000) -> 0.15018053 | Y19: =E19/(Y9*1000) -> 0.16217565 | Z19: =F19/(Z9*1000) -> 0.16904668 | AA19: =G19/(AA9*1000) -> 0.17669246 | AB19: =H19/(AB9*1000) -> 0.17998861 | AC19: =I19/(AC9*1000) -> 0.18447489 | ... AI19: =O19/(AI9*1000) -> 0.15934499
V20: =#REF! -> #REF! | W20: =#REF! -> #REF! | X20: =#REF! -> #REF! | Y20: =#REF! -> #REF! | Z20: =#REF! -> #REF! | AA20: =#REF! -> #REF! | AB20: =#REF! -> #REF! | AC20: =#REF! -> #REF! | ... AI20: =#REF! -> #REF!

Sheet Figuur_4e
A1: switch_beid_stream==0 | B1: year
A2: Number of hours worked per week | B2: 2011 | C2: 2012 | D2: 2013 | E2: 2014 | F2: 2015 | G2: 2016 | H2: 2017 | I2: 2018 | J2: 2019 | K2: 2020 | L2: 2021 | M2: 2022 | N2: 2023 | O2: 2024 | P2: Total | U2: TOTAAL WERKNEMERS
V3: 2011 | W3: 2012 | X3: 2013 | Y3: 2014 | Z3: 2015 | AA3: 2016 | AB3: 2017 | AC3: 2018 | AD3: 2019 | AE3: 2020 | AF3: 2021 | AG3: 2022 | AH3: 2023 | AI3: 2024
A4: <12 | B4: 844684 | C4: 866053 | D4: 882638 | E4: 881294 | F4: 888834 | G4: 831817 | H4: 843859 | I4: 865356 | J4: 877432 | K4: 824079 | L4: 796236 | M4: 831125 | N4: 825874 | O4: 854071 | P4: 11913352 | U4: minder dan 12 | V4: =B4/1000 -> 844.684 | W4: =C4/1000 -> 866.053 | X4: =D4/1000 -> 882.638 | Y4: =E4/1000 -> 881.294 | Z4: =F4/1000 -> 888.834 | AA4: =G4/1000 -> 831.817 | AB4: =H4/1000 -> 843.859 | AC4: =I4/1000 -> 865.356 | ... AI4: =O4/1000 -> 854.071
A5: 12-20 | B5: 768537 | C5: 793029 | D5: 725601 | E5: 710874 | F5: 693791 | G5: 721401 | H5: 685278 | I5: 694326 | J5: 684980 | K5: 663783 | L5: 683672 | M5: 677106 | N5: 663057 | O5: 648187 | P5: 9813622 | U5: 12-20 | V5: =B5/1000 -> 768.537 | W5: =C5/1000 -> 793.029 | X5: =D5/1000 -> 725.601 | Y5: =E5/1000 -> 710.874 | Z5: =F5/1000 -> 693.791 | AA5: =G5/1000 -> 721.401 | AB5: =H5/1000 -> 685.278 | AC5: =I5/1000 -> 694.326 | ... AI5: =O5/1000 -> 648.187
A6: 20-25 | B6: 755257 | C6: 746273 | D6: 737702 | E6: 725321 | F6: 738863 | G6: 770041 | H6: 831293 | I6: 858873 | J6: 880058 | K6: 881188 | L6: 903841 | M6: 912927 | N6: 919940 | O6: 921942 | P6: 11583519 | U6: 20-25 | V6: =B6/1000 -> 755.257 | W6: =C6/1000 -> 746.273 | X6: =D6/1000 -> 737.702 | Y6: =E6/1000 -> 725.321 | Z6: =F6/1000 -> 738.863 | AA6: =G6/1000 -> 770.041 | AB6: =H6/1000 -> 831.293 | AC6: =I6/1000 -> 858.873 | ... AI6: =O6/1000 -> 921.942
A7: 25-30 | B7: 478045 | C7: 582329 | D7: 521136 | E7: 544185 | F7: 552433 | G7: 574118 | H7: 602195 | I7: 647156 | J7: 663456 | K7: 663918 | L7: 696992 | M7: 719777 | N7: 729947 | O7: 732785 | P7: 8708472 | U7: 25-30 | V7: =B7/1000 -> 478.045 | W7: =C7/1000 -> 582.329 | X7: =D7/1000 -> 521.136 | Y7: =E7/1000 -> 544.185 | Z7: =F7/1000 -> 552.433 | AA7: =G7/1000 -> 574.118 | AB7: =H7/1000 -> 602.195 | AC7: =I7/1000 -> 647.156 | ... AI7: =O7/1000 -> 732.785
A8: 30-35 | B8: 813667 | C8: 851519 | D8: 753315 | E8: 777539 | F8: 788436 | G8: 826906 | H8: 859966 | I8: 924283 | J8: 967295 | K8: 973016 | L8: 1035830 | M8: 1084261 | N8: 1124957 | O8: 1162240 | P8: 12943230 | U8: 30-35 | V8: =B8/1000 -> 813.667 | W8: =C8/1000 -> 851.519 | X8: =D8/1000 -> 753.315 | Y8: =E8/1000 -> 777.539 | Z8: =F8/1000 -> 788.436 | AA8: =G8/1000 -> 826.906 | AB8: =H8/1000 -> 859.966 | AC8: =I8/1000 -> 924.283 | ... AI8: =O8/1000 -> 1162.24
A9: >=35 | B9: 3432169 | C9: 3179869 | D9: 3288573 | E9: 3254331 | F9: 3291604 | G9: 3350252 | H9: 3433285 | I9: 3680443 | J9: 3692706 | K9: 3660081 | L9: 3821714 | M9: 3918641 | N9: 3955440 | O9: 3942566 | P9: 49901674 | U9: 35 of meer | V9: =B9/1000 -> 3432.169 | W9: =C9/1000 -> 3179.869 | X9: =D9/1000 -> 3288.573 | Y9: =E9/1000 -> 3254.331 | Z9: =F9/1000 -> 3291.604 | AA9: =G9/1000 -> 3350.252 | AB9: =H9/1000 -> 3433.285 | AC9: =I9/1000 -> 3680.443 | ... AI9: =O9/1000 -> 3942.566
A11: Total | B11: 7092359 | C11: 7019072 | D11: 6908965 | E11: 6893544 | F11: 6953961 | G11: 7074535 | H11: 7255876 | I11: 7670437 | J11: 7765927 | K11: 7666065 | L11: 7938285 | M11: 8143837 | N11: 8219215 | O11: 8261791 | P11: 104863869 | U11: Total | V11: =B11/1000 -> 7092.359 | W11: =C11/1000 -> 7019.072 | X11: =D11/1000 -> 6908.965 | Y11: =E11/1000 -> 6893.544 | Z11: =F11/1000 -> 6953.961 | AA11: =G11/1000 -> 7074.535 | AB11: =H11/1000 -> 7255.876 | AC11: =I11/1000 -> 7670.437 | ... AI11: =O11/1000 -> 8261.791
V12: =#REF! -> #REF! | W12: =#REF! -> #REF! | X12: =#REF! -> #REF! | Y12: =#REF! -> #REF! | Z12: =#REF! -> #REF! | AA12: =#REF! -> #REF! | AB12: =#REF! -> #REF! | AC12: =#REF! -> #REF! | ... AI12: =#REF! -> #REF!
A13: switch_beid_stream==1 | B13: year
A14: Number of hours worked per week | B14: 2011 | C14: 2012 | D14: 2013 | E14: 2014 | F14: 2015 | G14: 2016 | H14: 2017 | I14: 2018 | J14: 2019 | K14: 2020 | L14: 2021 | M14: 2022 | N14: 2023 | O14: 2024 | P14: Total | U14: Figuur
V15: 2011 | W15: 2012 | X15: 2013 | Y15: 2014 | Z15: 2015 | AA15: 2016 | AB15: 2017 | AC15: 2018 | AD15: 2019 | AE15: 2020 | AF15: 2021 | AG15: 2022 | AH15: 2023 | AI15: 2024
A16: <12 | B16: 217664 | C16: 212938 | D16: 216650 | E16: 241582 | F16: 263542 | G16: 248201 | H16: 255753 | I16: 257471 | J16: 241478 | K16: 244837 | L16: 252439 | M16: 252225 | N16: 245129 | O16: 250600 | P16: 3400509 | U16: minder dan 12 uur | V16: =B16/(V4*1000) -> 0.2576869 | W16: =C16/(W4*1000) -> 0.24587179 | X16: =D16/(X4*1000) -> 0.24545737 | Y16: =E16/(Y4*1000) -> 0.27412192 | Z16: =F16/(Z4*1000) -> 0.29650306 | AA16: =G16/(AA4*1000) -> 0.29838414 | AB16: =H16/(AB4*1000) -> 0.30307551 | AC16: =I16/(AC4*1000) -> 0.29753188 | ... AI16: =O16/(AI4*1000) -> 0.29341823
A17: 12-20 | B17: 133799 | C17: 126848 | D17: 120417 | E17: 135092 | F17: 141967 | G17: 149826 | H17: 150745 | I17: 153962 | J17: 136706 | K17: 138638 | L17: 159888 | M17: 151551 | N17: 148532 | O17: 133800 | P17: 1981771 | U17: 12 tot 20 uur | V17: =B17/(V5*1000) -> 0.17409572 | W17: =C17/(W5*1000) -> 0.1599538 | X17: =D17/(X5*1000) -> 0.16595484 | Y17: =E17/(Y5*1000) -> 0.19003649 | Z17: =F17/(Z5*1000) -> 0.20462502 | AA17: =G17/(AA5*1000) -> 0.20768754 | AB17: =H17/(AB5*1000) -> 0.21997642 | AC17: =I17/(AC5*1000) -> 0.2217431 | ... AI17: =O17/(AI5*1000) -> 0.20642191
A18: 20-25 | B18: 106120 | C18: 89420 | D18: 91869 | E18: 107876 | F18: 109825 | G18: 120323 | H18: 131267 | I18: 139623 | J18: 122741 | K18: 126685 | L18: 148715 | M18: 144850 | N18: 145661 | O18: 126880 | P18: 1711855 | U18: 20 tot 25 uur | V18: =B18/(V6*1000) -> 0.14050846 | W18: =C18/(W6*1000) -> 0.1198221 | X18: =D18/(X6*1000) -> 0.12453403 | Y18: =E18/(Y6*1000) -> 0.14872863 | Z18: =F18/(Z6*1000) -> 0.14864055 | AA18: =G18/(AA6*1000) -> 0.15625532 | AB18: =H18/(AB6*1000) -> 0.15790702 | AC18: =I18/(AC6*1000) -> 0.16256536 | ... AI18: =O18/(AI6*1000) -> 0.13762254
A19: 25-30 | B19: 70404 | C19: 75003 | D19: 68244 | E19: 81233 | F19: 85646 | G19: 92186 | H19: 98681 | I19: 108253 | J19: 96009 | K19: 95640 | L19: 115511 | M19: 115064 | N19: 114626 | O19: 100996 | P19: 1317496 | U19: 25 tot 30 uur | V19: =B19/(V7*1000) -> 0.14727484 | W19: =C19/(W7*1000) -> 0.12879833 | X19: =D19/(X7*1000) -> 0.13095238 | Y19: =E19/(Y7*1000) -> 0.1492746 | Z19: =F19/(Z7*1000) -> 0.15503419 | AA19: =G19/(AA7*1000) -> 0.16056978 | AB19: =H19/(AB7*1000) -> 0.16386885 | AC19: =I19/(AC7*1000) -> 0.16727497 | ... AI19: =O19/(AI7*1000) -> 0.13782487
A20: 30-35 | B20: 118740 | C20: 102890 | D20: 101941 | E20: 117863 | F20: 122740 | G20: 135367 | H20: 143806 | I20: 160300 | J20: 145086 | K20: 145628 | L20: 176733 | M20: 181680 | N20: 177805 | O20: 166014 | P20: 1996593 | U20: 30 tot 35 uur | V20: =B20/(V8*1000) -> 0.14593194 | W20: =C20/(W8*1000) -> 0.12083113 | X20: =D20/(X8*1000) -> 0.1353232 | Y20: =E20/(Y8*1000) -> 0.15158468 | Z20: =F20/(Z8*1000) -> 0.15567529 | AA20: =G20/(AA8*1000) -> 0.16370301 | AB20: =H20/(AB8*1000) -> 0.16722289 | AC20: =I20/(AC8*1000) -> 0.17343173 | ... AI20: =O20/(AI8*1000) -> 0.14283969
A21: >=35 | B21: 476211 | C21: 394551 | D21: 438471 | E21: 434319 | F21: 451824 | G21: 504114 | H21: 525723 | I21: 595394 | J21: 499318 | K21: 512081 | L21: 599646 | M21: 587197 | N21: 554411 | O21: 538185 | P21: 7111445 | U21: 35 uur of meer | V21: =B21/(V9*1000) -> 0.13874929 | W21: =C21/(W9*1000) -> 0.12407775 | X21: =D21/(X9*1000) -> 0.13333169 | Y21: =E21/(Y9*1000) -> 0.13345877 | Z21: =F21/(Z9*1000) -> 0.1372656 | AA21: =G21/(AA9*1000) -> 0.15047047 | AB21: =H21/(AB9*1000) -> 0.15312536 | AC21: =I21/(AC9*1000) -> 0.16177237 | ... AI21: =O21/(AI9*1000) -> 0.13650628
A23: Total | B23: 1122938 | C23: 1001650 | D23: 1037592 | E23: 1117965 | F23: 1175544 | G23: 1250017 | H23: 1305975 | I23: 1415003 | J23: 1241338 | K23: 1263509 | L23: 1452932 | M23: 1432567 | N23: 1386164 | O23: 1316475 | P23: 17519669 | U23: Total | V23: =B23/(V11*1000) -> 0.15833068 | W23: =C23/(W11*1000) -> 0.14270405 | X23: =D23/(X11*1000) -> 0.15018053 | Y23: =E23/(Y11*1000) -> 0.16217565 | Z23: =F23/(Z11*1000) -> 0.16904668 | AA23: =G23/(AA11*1000) -> 0.17669246 | AB23: =H23/(AB11*1000) -> 0.17998861 | AC23: =I23/(AC11*1000) -> 0.18447489 | ... AI23: =O23/(AI11*1000) -> 0.15934499
V24: =#REF! -> #REF! | W24: =#REF! -> #REF! | X24: =#REF! -> #REF! | Y24: =#REF! -> #REF! | Z24: =#REF! -> #REF! | AA24: =#REF! -> #REF! | AB24: =#REF! -> #REF! | AC24: =#REF! -> #REF! | ... AI24: =#REF! -> #REF!

Sheet Figuur_4f
A1: switch_beid_stream==0 | B1: year
A2: Company size | B2: 2011 | C2: 2012 | D2: 2013 | E2: 2014 | F2: 2015 | G2: 2016 | H2: 2017 | I2: 2018 | J2: 2019 | K2: 2020 | L2: 2021 | M2: 2022 | N2: 2023 | O2: 2024 | P2: Total | U2: TOTAAL WERKNEMERS
V3: 2011 | W3: 2012 | X3: 2013 | Y3: 2014 | Z3: 2015 | AA3: 2016 | AB3: 2017 | AC3: 2018 | AD3: 2019 | AE3: 2020 | AF3: 2021 | AG3: 2022 | AH3: 2023 | AI3: 2024
A4: Micro: <10 employees | B4: 892433 | C4: 869972 | D4: 856478 | E4: 873846 | F4: 877171 | G4: 900375 | H4: 919410 | I4: 928780 | J4: 927935 | K4: 902985 | L4: 951206 | M4: 936946 | N4: 915863 | O4: 910298 | P4: 12663698 | U4: Micro: minder dan 10 werkenden | V4: =B4/1000 -> 892.433 | W4: =C4/1000 -> 869.972 | X4: =D4/1000 -> 856.478 | Y4: =E4/1000 -> 873.846 | Z4: =F4/1000 -> 877.171 | AA4: =G4/1000 -> 900.375 | AB4: =H4/1000 -> 919.41 | AC4: =I4/1000 -> 928.78 | ... AI4: =O4/1000 -> 910.298
A5: Small: 10-50 employees | B5: 1209556 | C5: 1178127 | D5: 1141457 | E5: 1140283 | F5: 1155287 | G5: 1182669 | H5: 1223660 | I5: 1282490 | J5: 1293092 | K5: 1280223 | L5: 1318414 | M5: 1374084 | N5: 1362196 | O5: 1350701 | P5: 17492239 | U5: Klein: 10 tot 50 werkenden | V5: =B5/1000 -> 1209.556 | W5: =C5/1000 -> 1178.127 | X5: =D5/1000 -> 1141.457 | Y5: =E5/1000 -> 1140.283 | Z5: =F5/1000 -> 1155.287 | AA5: =G5/1000 -> 1182.669 | AB5: =H5/1000 -> 1223.66 | AC5: =I5/1000 -> 1282.49 | ... AI5: =O5/1000 -> 1350.701
A6: Medium: 50-250 employees | B6: 1356077 | C6: 1329641 | D6: 1292930 | E6: 1286057 | F6: 1309938 | G6: 1338219 | H6: 1377875 | I6: 1454576 | J6: 1476121 | K6: 1445256 | L6: 1492264 | M6: 1512389 | N6: 1506557 | O6: 1499154 | P6: 19677054 | U6: Middel: 50 tot 250 werkenden | V6: =B6/1000 -> 1356.077 | W6: =C6/1000 -> 1329.641 | X6: =D6/1000 -> 1292.93 | Y6: =E6/1000 -> 1286.057 | Z6: =F6/1000 -> 1309.938 | AA6: =G6/1000 -> 1338.219 | AB6: =H6/1000 -> 1377.875 | AC6: =I6/1000 -> 1454.576 | ... AI6: =O6/1000 -> 1499.154
A7: Large: >250 employees | B7: 3634293 | C7: 3641332 | D7: 3618100 | E7: 3593358 | F7: 3611565 | G7: 3653272 | H7: 3734931 | I7: 4004591 | J7: 4068779 | K7: 4037601 | L7: 4176401 | M7: 4320418 | N7: 4434599 | O7: 4501638 | P7: 55030878 | U7: Groot: 250 werkenden of meer | V7: =B7/1000 -> 3634.293 | W7: =C7/1000 -> 3641.332 | X7: =D7/1000 -> 3618.1 | Y7: =E7/1000 -> 3593.358 | Z7: =F7/1000 -> 3611.565 | AA7: =G7/1000 -> 3653.272 | AB7: =H7/1000 -> 3734.931 | AC7: =I7/1000 -> 4004.591 | ... AI7: =O7/1000 -> 4501.638
A8: Total
B9: 7092359 | C9: 7019072 | D9: 6908965 | E9: 6893544 | F9: 6953961 | G9: 7074535 | H9: 7255876 | I9: 7670437 | J9: 7765927 | K9: 7666065 | L9: 7938285 | M9: 8143837 | N9: 8219215 | O9: 8261791 | P9: 104863869 | U9: totaal | V9: =B9/1000 -> 7092.359 | W9: =C9/1000 -> 7019.072 | X9: =D9/1000 -> 6908.965 | Y9: =E9/1000 -> 6893.544 | Z9: =F9/1000 -> 6953.961 | AA9: =G9/1000 -> 7074.535 | AB9: =H9/1000 -> 7255.876 | AC9: =I9/1000 -> 7670.437 | ... AI9: =O9/1000 -> 8261.791
A10: switch_beid_stream==1 | B10: year | V10: =#REF! -> #REF! | W10: =#REF! -> #REF! | X10: =#REF! -> #REF! | Y10: =#REF! -> #REF! | Z10: =#REF! -> #REF! | AA10: =#REF! -> #REF! | AB10: =#REF! -> #REF! | AC10: =#REF! -> #REF! | ... AI10: =#REF! -> #REF!
A11: Company size | B11: 2011 | C11: 2012 | D11: 2013 | E11: 2014 | F11: 2015 | G11: 2016 | H11: 2017 | I11: 2018 | J11: 2019 | K11: 2020 | L11: 2021 | M11: 2022 | N11: 2023 | O11: 2024 | P11: Total
U12: Figuur
A13: Micro: <10 employees | B13: 159494 | C13: 154592 | D13: 161718 | E13: 162318 | F13: 170123 | G13: 183812 | H13: 197520 | I13: 206799 | J13: 176981 | K13: 179732 | L13: 209346 | M13: 193462 | N13: 180318 | O13: 178386 | P13: 2514601 | V13: 2011 | W13: 2012 | X13: 2013 | Y13: 2014 | Z13: 2015 | AA13: 2016 | AB13: 2017 | AC13: 2018 | AD13: 2019 | AE13: 2020 | AF13: 2021 | AG13: 2022 | AH13: 2023 | AI13: 2024
A14: Small: 10-50 employees | B14: 201081 | C14: 186004 | D14: 186992 | E14: 195449 | F14: 206884 | G14: 221484 | H14: 240837 | I14: 254582 | J14: 220717 | K14: 238826 | L14: 270785 | M14: 276782 | N14: 258115 | O14: 253646 | P14: 3212184 | U14: Micro: <10 werkenden | V14: =B13/(V4*1000) -> 0.17871818 | W14: =C13/(W4*1000) -> 0.17769767 | X14: =D13/(X4*1000) -> 0.18881746 | Y14: =E13/(Y4*1000) -> 0.18575127 | Z14: =F13/(Z4*1000) -> 0.19394508 | AA14: =G13/(AA4*1000) -> 0.20415049 | AB14: =H13/(AB4*1000) -> 0.21483343 | AC14: =I13/(AC4*1000) -> 0.2226566 | ... AI14: =O13/(AI4*1000) -> 0.1959644
A15: Medium: 50-250 employees | B15: 209999 | C15: 187350 | D15: 188246 | E15: 193306 | F15: 213064 | G15: 226226 | H15: 245168 | I15: 258239 | J15: 231427 | K15: 236987 | L15: 285258 | M15: 274917 | N15: 253014 | O15: 247641 | P15: 3250842 | U15: Klein: 10-49 werkenden | V15: =B14/(V5*1000) -> 0.16624365 | W15: =C14/(W5*1000) -> 0.15788111 | X15: =D14/(X5*1000) -> 0.1638187 | Y15: =E14/(Y5*1000) -> 0.17140394 | Z15: =F14/(Z5*1000) -> 0.17907585 | AA15: =G14/(AA5*1000) -> 0.18727472 | AB15: =H14/(AB5*1000) -> 0.19681693 | AC15: =I14/(AC5*1000) -> 0.19850603 | ... AI15: =O14/(AI5*1000) -> 0.18778842
A16: Large: >250 employees | B16: 552364 | C16: 473704 | D16: 500636 | E16: 566892 | F16: 585473 | G16: 618495 | H16: 622450 | I16: 695383 | J16: 612213 | K16: 607964 | L16: 687543 | M16: 687406 | N16: 694717 | O16: 636802 | P16: 8542042 | U16: Middel: 50-249 werkenden | V16: =B15/(V6*1000) -> 0.15485773 | W16: =C15/(W6*1000) -> 0.14090269 | X16: =D15/(X6*1000) -> 0.14559644 | Y16: =E15/(Y6*1000) -> 0.15030905 | Z16: =F15/(Z6*1000) -> 0.16265197 | AA16: =G15/(AA6*1000) -> 0.16905006 | AB16: =H15/(AB6*1000) -> 0.17793196 | AC16: =I15/(AC6*1000) -> 0.17753558 | ... AI16: =O15/(AI6*1000) -> 0.16518717
A17: Total | U17: Groot: >=250 werkenden | V17: =B16/(V7*1000) -> 0.15198664 | W17: =C16/(W7*1000) -> 0.13009086 | X17: =D16/(X7*1000) -> 0.13836986 | Y17: =E16/(Y7*1000) -> 0.15776107 | Z17: =F16/(Z7*1000) -> 0.16211061 | AA17: =G16/(AA7*1000) -> 0.16929892 | AB17: =H16/(AB7*1000) -> 0.16665636 | AC17: =I16/(AC7*1000) -> 0.17364645 | ... AI17: =O16/(AI7*1000) -> 0.14146006
B18: 1122938 | C18: 1001650 | D18: 1037592 | E18: 1117965 | F18: 1175544 | G18: 1250017 | H18: 1305975 | I18: 1415003 | J18: 1241338 | K18: 1263509 | L18: 1452932 | M18: 1432567 | N18: 1386164 | O18: 1316475 | P18: 17519669
U19: totaal | V19: =B18/(V9*1000) -> 0.15833068 | W19: =C18/(W9*1000) -> 0.14270405 | X19: =D18/(X9*1000) -> 0.15018053 | Y19: =E18/(Y9*1000) -> 0.16217565 | Z19: =F18/(Z9*1000) -> 0.16904668 | AA19: =G18/(AA9*1000) -> 0.17669246 | AB19: =H18/(AB9*1000) -> 0.17998861 | AC19: =I18/(AC9*1000) -> 0.18447489 | ... AI19: =O18/(AI9*1000) -> 0.15934499
V20: =#REF! -> #REF! | W20: =#REF! -> #REF! | X20: =#REF! -> #REF! | Y20: =#REF! -> #REF! | Z20: =#REF! -> #REF! | AA20: =#REF! -> #REF! | AB20: =#REF! -> #REF! | AC20: =#REF! -> #REF! | ... AI20: =#REF! -> #REF!

Sheet Figuur_5
A1: alle werkenden: table sbi year if hoofdbaan==1., format(%12.0f) row col nol
AI2: Baanstarters (ref =2025)
B3: 2011 | C3: 2012 | D3: 2013 | E3: 2014 | F3: 2015 | G3: 2016 | H3: 2017 | I3: 2018 | J3: 2019 | K3: 2020 | L3: 2021 | M3: 2022 | N3: 2023 | O3: 2024 | P3: Total | S3: TBV FIGUUR: TOTAAL WERKNEMERS | AK3: baan-baanwisselaars | AL3: instromers | AM3: totaal werkenden 2025 | AP3: baanstarters | baan-baanwisselaars | AQ3: baanstarters | instromers | AR3: totaal werkenden 2025
T4: 2011 | U4: 2012 | V4: 2013 | W4: 2014 | X4: 2015 | Y4: 2016 | Z4: 2017 | AA4: 2018 | AB4: 2019 | AC4: 2020 | AD4: 2021 | AE4: 2022 | AF4: 2023 | AG4: 2024 | AJ4: A Agrarisch | AK4: =('T_B.3.1'!V8-'T_B.3.1'!U8)/1000 -> 13.717 | AL4: ='T_B.3.1'!U8/1000 -> 11.256 | AM4: =AG86 -> 96.36 | AO4: A Agrarisch | AP4: =AK4/AM4 -> 0.1423516 | AQ4: =AL4/AM4 -> 0.11681196
A5: Landbouw, bosbouw en visserij | B5: 84163 | C5: 83153 | D5: 83870 | E5: 83197 | F5: 82620 | G5: 83076 | H5: 83338 | I5: 104881 | J5: 100819 | K5: 99354 | L5: 107324 | M5: 103978 | N5: 102587 | O5: 102447 | P5: 1304807 | S5: A Agrarisch | T5: =B5/1000 -> 84.163 | U5: =C5/1000 -> 83.153 | V5: =D5/1000 -> 83.87 | W5: =E5/1000 -> 83.197 | X5: =F5/1000 -> 82.62 | Y5: =G5/1000 -> 83.076 | Z5: =H5/1000 -> 83.338 | AA5: =I5/1000 -> 104.881 | ... AG5: =O5/1000 -> 102.447 | AJ5: C* Industrie | AK5: =('T_B.3.1'!V9-'T_B.3.1'!U9)/1000 -> 87.112 | AL5: ='T_B.3.1'!U9/1000 -> 29.84 | AM5: =AG87 -> 724.955 | AO5: C* Industrie | AP5: =AK5/AM5 -> 0.12016194 | AQ5: =AL5/AM5 -> 0.041161176
A6: Winning van delfstoffen | B6: 7980 | C6: 8058 | D6: 9814 | E6: 10300 | F6: 10197 | G6: 9662 | H6: 7925 | I6: 8055 | J6: 8114 | K6: 8069 | L6: 7406 | M6: 7676 | N6: 7972 | O6: 8001 | P6: 119229 | S6: C* Industrie | T6: =(B6+B7)/1000 -> 642.955 | U6: =(C6+C7)/1000 -> 631.503 | V6: =(D6+D7)/1000 -> 619.555 | W6: =(E6+E7)/1000 -> 616.528 | X6: =(F6+F7)/1000 -> 618.417 | Y6: =(G6+G7)/1000 -> 626.022 | Z6: =(H6+H7)/1000 -> 637.979 | AA6: =(I6+I7)/1000 -> 667.956 | ... AG6: =(O6+O7)/1000 -> 726.723 | AJ6: D** Energie | AK6: =('T_B.3.1'!V10-'T_B.3.1'!U10)/1000 -> 12.149 | AL6: ='T_B.3.1'!U10/1000 -> 3.059 | AM6: =AG88 -> 81.022 | AO6: D** Energie | AP6: =AK6/AM6 -> 0.14994693 | AQ6: =AL6/AM6 -> 0.037755178
A7: Industrie | B7: 634975 | C7: 623445 | D7: 609741 | E7: 606228 | F7: 608220 | G7: 616360 | H7: 630054 | I7: 659901 | J7: 677933 | K7: 671285 | L7: 680189 | M7: 699620 | N7: 715522 | O7: 718722 | P7: 9152195 | S7: D** Energie | T7: =(B8+B9)/1000 -> 59.818 | U7: =(C8+C9)/1000 -> 62.555 | V7: =(D8+D9)/1000 -> 56.959 | W7: =(E8+E9)/1000 -> 57.019 | X7: =(F8+F9)/1000 -> 57.876 | Y7: =(G8+G9)/1000 -> 57.729 | Z7: =(H8+H9)/1000 -> 58.724 | AA7: =(I8+I9)/1000 -> 60.719 | ... AG7: =(O8+O9)/1000 -> 77.283 | AJ7: F Bouwnijverheid | AK7: =('T_B.3.1'!V11-'T_B.3.1'!U11)/1000 -> 52.917 | AL7: ='T_B.3.1'!U11/1000 -> 20.2 | AM7: =AG89 -> 344.432 | AO7: F Bouwnijverheid | AP7: =AK7/AM7 -> 0.15363555 | AQ7: =AL7/AM7 -> 0.05864728
A8: Productie en distributie van en handel in elektriciteit, aardgas, stoom en gekoelde lucht | B8: 23135 | C8: 26131 | D8: 25628 | E8: 25480 | F8: 26632 | G8: 25999 | H8: 26078 | I8: 26482 | J8: 26771 | K8: 27825 | L8: 29691 | M8: 31646 | N8: 34152 | O8: 38720 | P8: 394370 | S8: F Bouwnijverheid | T8: =B10/1000 -> 341.145 | U8: =C10/1000 -> 322.806 | V8: =D10/1000 -> 294.204 | W8: =E10/1000 -> 279.94 | X8: =F10/1000 -> 273.999 | Y8: =G10/1000 -> 275.756 | Z8: =H10/1000 -> 284.512 | AA8: =I10/1000 -> 298.621 | ... AG8: =O10/1000 -> 333.128 | AJ8: G Handel | AK8: =('T_B.3.1'!V12-'T_B.3.1'!U12)/1000 -> 200.29 | AL8: ='T_B.3.1'!U12/1000 -> 134.249 | AM8: =AG90 -> 1294.115 | AO8: G Handel | AP8: =AK8/AM8 -> 0.15476986 | AQ8: =AL8/AM8 -> 0.10373808
A9: Winning en distributie van water; afval- en afvalwaterbeheer en sanering | B9: 36683 | C9: 36424 | D9: 31331 | E9: 31539 | F9: 31244 | G9: 31730 | H9: 32646 | I9: 34237 | J9: 34779 | K9: 35211 | L9: 36132 | M9: 37105 | N9: 37842 | O9: 38563 | P9: 485466 | S9: G Handel | T9: =B11/1000 -> 1215.519 | U9: =C11/1000 -> 1211.387 | V9: =D11/1000 -> 1196.307 | W9: =E11/1000 -> 1197.166 | X9: =F11/1000 -> 1216.343 | Y9: =G11/1000 -> 1229.738 | Z9: =H11/1000 -> 1265.707 | AA9: =I11/1000 -> 1307.023 | ... AG9: =O11/1000 -> 1359.114 | AJ9: H Vervoer & Logistiek | AK9: =('T_B.3.1'!V13-'T_B.3.1'!U13)/1000 -> 57.062 | AL9: ='T_B.3.1'!U13/1000 -> 23.821 | AM9: =AG91 -> 391.22 | AO9: H Vervoer & Logistiek | AP9: =AK9/AM9 -> 0.14585655 | AQ9: =AL9/AM9 -> 0.060889014
A10: Bouwnijverheid | B10: 341145 | C10: 322806 | D10: 294204 | E10: 279940 | F10: 273999 | G10: 275756 | H10: 284512 | I10: 298621 | J10: 307885 | K10: 312121 | L10: 319060 | M10: 326825 | N10: 331314 | O10: 333128 | P10: 4301316 | S10: H Vervoer & Logistiek | T10: =B12/1000 -> 352.575 | U10: =C12/1000 -> 348.287 | V10: =D12/1000 -> 343.04 | W10: =E12/1000 -> 338.859 | X10: =F12/1000 -> 337.8 | Y10: =G12/1000 -> 339.908 | Z10: =H12/1000 -> 345.198 | AA10: =I12/1000 -> 368.205 | ... AG10: =O12/1000 -> 386.862 | AJ10: I Horeca | AK10: =('T_B.3.1'!V14-'T_B.3.1'!U14)/1000 -> 111.282 | AL10: ='T_B.3.1'!U14/1000 -> 78.692 | AM10: =AG92 -> 426.368 | AO10: I Horeca | AP10: =AK10/AM10 -> 0.26099989 | AQ10: =AL10/AM10 -> 0.18456357
A11: Groot- en detailhandel; reparatie van auto's | B11: 1215519 | C11: 1211387 | D11: 1196307 | E11: 1197166 | F11: 1216343 | G11: 1229738 | H11: 1265707 | I11: 1307023 | J11: 1320662 | K11: 1325607 | L11: 1339123 | M11: 1354859 | N11: 1354643 | O11: 1359114 | P11: 17893198 | S11: I Horeca | T11: =B13/1000 -> 303.527 | U11: =C13/1000 -> 308.716 | V11: =D13/1000 -> 311.683 | W11: =E13/1000 -> 323.327 | X11: =F13/1000 -> 337.807 | Y11: =G13/1000 -> 356.651 | Z11: =H13/1000 -> 371.767 | AA11: =I13/1000 -> 389.177 | ... AG11: =O13/1000 -> 446.855 | AJ11: J Media & ICT | AK11: =('T_B.3.1'!V15-'T_B.3.1'!U15)/1000 -> 43.301 | AL11: ='T_B.3.1'!U15/1000 -> 19.588 | AM11: =AG93 -> 296.17 | AO11: J Media & ICT | AP11: =AK11/AM11 -> 0.14620319 | AQ11: =AL11/AM11 -> 0.066137691
A12: Vervoer en opslag | B12: 352575 | C12: 348287 | D12: 343040 | E12: 338859 | F12: 337800 | G12: 339908 | H12: 345198 | I12: 368205 | J12: 372972 | K12: 366371 | L12: 372961 | M12: 381304 | N12: 385277 | O12: 386862 | P12: 5039619 | S12: J Media & ICT | T12: =B14/1000 -> 212.013 | U12: =C14/1000 -> 213.073 | V12: =D14/1000 -> 207.814 | W12: =E14/1000 -> 214.61 | X12: =F14/1000 -> 220.336 | Y12: =G14/1000 -> 230.434 | Z12: =H14/1000 -> 242.823 | AA12: =I14/1000 -> 254.013 | ... AG12: =O14/1000 -> 300.255 | AJ12: K Financieel | AK12: =('T_B.3.1'!V16-'T_B.3.1'!U16)/1000 -> 42.058 | AL12: ='T_B.3.1'!U16/1000 -> 7.541 | AM12: =AG94 -> 211.97 | AO12: K Financieel | AP12: =AK12/AM12 -> 0.19841487 | AQ12: =AL12/AM12 -> 0.035575789
A13: Logies-, maaltijd- en drankverstrekking | B13: 303527 | C13: 308716 | D13: 311683 | E13: 323327 | F13: 337807 | G13: 356651 | H13: 371767 | I13: 389177 | J13: 401409 | K13: 380253 | L13: 391462 | M13: 421840 | N13: 442320 | O13: 446855 | P13: 5186794 | S13: K Financieel | T13: =B15/1000 -> 234.418 | U13: =C15/1000 -> 228.655 | V13: =D15/1000 -> 221.497 | W13: =E15/1000 -> 212.691 | X13: =F15/1000 -> 218.259 | Y13: =G15/1000 -> 212.601 | Z13: =H15/1000 -> 201.126 | AA13: =I15/1000 -> 198.83 | ... AG13: =O15/1000 -> 211.454 | AJ13: L Onroerend goed | AK13: =('T_B.3.1'!V17-'T_B.3.1'!U17)/1000 -> 11.09 | AL13: ='T_B.3.1'!U17/1000 -> 3.689 | AM13: =AG95 -> 65.604 | AO13: L Onroerend goed | AP13: =AK13/AM13 -> 0.16904457 | AQ13: =AL13/AM13 -> 0.056231327
A14: Informatie en communicatie | B14: 212013 | C14: 213073 | D14: 207814 | E14: 214610 | F14: 220336 | G14: 230434 | H14: 242823 | I14: 254013 | J14: 262813 | K14: 268397 | L14: 283308 | M14: 301173 | N14: 305508 | O14: 300255 | P14: 3516570 | S14: L Onroerend goed | T14: =B16/1000 -> 60.218 | U14: =C16/1000 -> 57.744 | V14: =D16/1000 -> 56.151 | W14: =E16/1000 -> 55.402 | X14: =F16/1000 -> 54.903 | Y14: =G16/1000 -> 55.452 | Z14: =H16/1000 -> 56.253 | AA14: =I16/1000 -> 56.824 | ... AG14: =O16/1000 -> 62.897 | AJ14: M Zakelijk | AK14: =('T_B.3.1'!V18-'T_B.3.1'!U18)/1000 -> 91.421 | AL14: ='T_B.3.1'!U18/1000 -> 37.242 | AM14: =AG96 -> 501.647 | AO14: M Zakelijk | AP14: =AK14/AM14 -> 0.1822417 | AQ14: =AL14/AM14 -> 0.074239455
A15: Financiële instellingen | B15: 234418 | C15: 228655 | D15: 221497 | E15: 212691 | F15: 218259 | G15: 212601 | H15: 201126 | I15: 198830 | J15: 193500 | K15: 202888 | L15: 205179 | M15: 211165 | N15: 214800 | O15: 211454 | P15: 2967063 | S15: M Zakelijk | T15: =B17/1000 -> 414.924 | U15: =C17/1000 -> 408.905 | V15: =D17/1000 -> 398.959 | W15: =E17/1000 -> 403.053 | X15: =F17/1000 -> 398.485 | Y15: =G17/1000 -> 410.815 | Z15: =H17/1000 -> 417.123 | AA15: =I17/1000 -> 436.76 | ... AG15: =O17/1000 -> 498.073 | AJ15: N Facilitair | AK15: =('T_B.3.1'!V19-'T_B.3.1'!U19)/1000 -> 49.191 | AL15: ='T_B.3.1'!U19/1000 -> 27.571 | AM15: =AG97 -> 269.012 | AO15: N Facilitair | AP15: =AK15/AM15 -> 0.18285801 | AQ15: =AL15/AM15 -> 0.10248985
A16: Verhuur van en handel in onroerend goed | B16: 60218 | C16: 57744 | D16: 56151 | E16: 55402 | F16: 54903 | G16: 55452 | H16: 56253 | I16: 56824 | J16: 57832 | K16: 58551 | L16: 59237 | M16: 59555 | N16: 60932 | O16: 62897 | P16: 811951 | S16: N Facilitair | T16: =B18/1000 -> 245.04 | U16: =C18/1000 -> 245.754 | V16: =D18/1000 -> 242.123 | W16: =E18/1000 -> 243.651 | X16: =F18/1000 -> 246.868 | Y16: =G18/1000 -> 251.217 | Z16: =H18/1000 -> 259.564 | AA16: =I18/1000 -> 270.739 | ... AG16: =O18/1000 -> 268.176 | AJ16: O Overheid | AK16: =('T_B.3.1'!V20-'T_B.3.1'!U20)/1000 -> 58.458 | AL16: ='T_B.3.1'!U20/1000 -> 16.548 | AM16: =AG98 -> 619.859 | AO16: O Overheid | AP16: =AK16/AM16 -> 0.094308544 | AQ16: =AL16/AM16 -> 0.026696394
A17: Advisering, onderzoek en overige specialistische zakelijke dienstverlening | B17: 414924 | C17: 408905 | D17: 398959 | E17: 403053 | F17: 398485 | G17: 410815 | H17: 417123 | I17: 436760 | J17: 453000 | K17: 451360 | L17: 461831 | M17: 481634 | N17: 496331 | O17: 498073 | P17: 6131253 | S17: O Overheid | T17: =B19/1000 -> 490.94 | U17: =C19/1000 -> 478.972 | V17: =D19/1000 -> 476.539 | W17: =E19/1000 -> 471.187 | X17: =F19/1000 -> 466.789 | Y17: =G19/1000 -> 464.295 | Z17: =H19/1000 -> 469.873 | AA17: =I19/1000 -> 478.673 | ... AG17: =O19/1000 -> 595.804 | AJ17: P Onderwijs | AK17: =('T_B.3.1'!V21-'T_B.3.1'!U21)/1000 -> 53.831 | AL17: ='T_B.3.1'!U21/1000 -> 26.793 | AM17: =AG99 -> 552.822 | AO17: P Onderwijs | AP17: =AK17/AM17 -> 0.097374924 | AQ17: =AL17/AM17 -> 0.048465871
A18: Verhuur van roerende goederen en overige zakelijke dienstverlening | B18: 245040 | C18: 245754 | D18: 242123 | E18: 243651 | F18: 246868 | G18: 251217 | H18: 259564 | I18: 270739 | J18: 271954 | K18: 269807 | L18: 269402 | M18: 276280 | N18: 278647 | O18: 268176 | P18: 3639222 | S18: P Onderwijs | T18: =B20/1000 -> 482.557 | U18: =C20/1000 -> 474.521 | V18: =D20/1000 -> 467.384 | W18: =E20/1000 -> 467.416 | X18: =F20/1000 -> 471.058 | Y18: =G20/1000 -> 477.838 | Z18: =H20/1000 -> 482.826 | AA18: =I20/1000 -> 492.88 | ... AG18: =O20/1000 -> 557.512 | AJ18: Q Zorg & Welzijn | AK18: =('T_B.3.1'!V22-'T_B.3.1'!U22)/1000 -> 204.545 | AL18: ='T_B.3.1'!U22/1000 -> 86.321 | AM18: =AG100 -> 1451.342 | AO18: Q Zorg & Welzijn | AP18: =AK18/AM18 -> 0.14093508 | AQ18: =AL18/AM18 -> 0.059476677
A19: Openbaar bestuur, overheidsdiensten en verplichte sociale verzekeringen | B19: 490940 | C19: 478972 | D19: 476539 | E19: 471187 | F19: 466789 | G19: 464295 | H19: 469873 | I19: 478673 | J19: 492212 | K19: 508916 | L19: 526627 | M19: 542696 | N19: 567728 | O19: 595804 | P19: 7031251 | S19: Q Zorg & Welzijn | T19: =B21/1000 -> 1238.585 | U19: =C21/1000 -> 1243.839 | V19: =D21/1000 -> 1225.483 | W19: =E21/1000 -> 1193.338 | X19: =F21/1000 -> 1168.874 | Y19: =G21/1000 -> 1170.105 | Z19: =H21/1000 -> 1197.09 | AA19: =I21/1000 -> 1235.597 | ... AG19: =O21/1000 -> 1411.126 | AJ19: R Cultuur & Recreatie | AK19: =('T_B.3.1'!V23-'T_B.3.1'!U23)/1000 -> 24.015 | AL19: ='T_B.3.1'!U23/1000 -> 15.961 | AM19: =AG101 -> 132.895 | AO19: R Cultuur & Recreatie | AP19: =AK19/AM19 -> 0.18070657 | AQ19: =AL19/AM19 -> 0.12010234
... A21: Gezondheids- en welzijnszorg | B21: 1238585 | C21: 1243839 | D21: 1225483 | E21: 1193338 | F21: 1168874 | G21: 1170105 | H21: 1197090 | I21: 1235597 | J21: 1283276 | K21: 1314489 | L21: 1342117 | M21: 1360476 | N21: 1383282 | O21: 1411126 | P21: 17767677 | S21: S Overig | T21: =B23/1000 -> 132.152 | U21: =C23/1000 -> 127.233 | V21: =D23/1000 -> 123.002 | W21: =E23/1000 -> 119.531 | X21: =F23/1000 -> 115.892 | Y21: =G23/1000 -> 117.081 | Z21: =H23/1000 -> 119.146 | AA21: =I23/1000 -> 122.261 | ... AG21: =O23/1000 -> 119.383 | AJ21: 78 Uitzend | AK21: =('T_B.3.1'!V25-'T_B.3.1'!U25)/1000 -> 185.838 | AL21: ='T_B.3.1'!U25/1000 -> 150.934 | AM21: =AG103 -> 616.501 | AO21: 78 Uitzend | AP21: =AK21/AM21 -> 0.3014399 | AQ21: =AL21/AM21 -> 0.24482361
A22: Cultuur, sport en recreatie | B22: 108130 | C22: 106141 | D22: 103875 | E22: 104823 | F22: 104301 | G22: 106284 | H22: 110642 | I22: 114887 | J22: 117279 | K22: 112233 | L22: 114154 | M22: 124092 | N22: 128627 | O22: 133268 | P22: 1588736 | S22: 78 Uitzend | T22: =B24/1000 -> 473.68 | U22: =C24/1000 -> 465.828 | V22: =D24/1000 -> 480.52 | W22: =E24/1000 -> 511.806 | X22: =F24/1000 -> 563.334 | Y22: =G24/1000 -> 609.533 | Z22: =H24/1000 -> 652.185 | AA22: =I24/1000 -> 812.391 | ... AG22: =O24/1000 -> 671.431 | AM22: =AG104 -> 0
A23: Overige dienstverlening | B23: 132152 | C23: 127233 | D23: 123002 | E23: 119531 | F23: 115892 | G23: 117081 | H23: 119146 | I23: 122261 | J23: 123219 | K23: 121161 | L23: 119850 | M23: 117615 | N23: 118583 | O23: 119383 | P23: 1696109 | AJ23: Totaal | AK23: =('T_B.3.1'!V27-'T_B.3.1'!U27)/1000 -> 1316.475 | AL23: ='T_B.3.1'!U27/1000 -> 704.347 | AM23: =AG105 -> 8197.42 | AO23: Totaal | AP23: =AK23/AM23 -> 0.16059626 | AQ23: =AL23/AM23 -> 0.08592301
A24: Uitzendsector | B24: 473680 | C24: 465828 | D24: 480520 | E24: 511806 | F24: 563334 | G24: 609533 | H24: 652185 | I24: 812391 | J24: 758438 | K24: 621300 | L24: 741537 | M24: 756232 | N24: 697266 | O24: 671431 | P24: 8815481 | S24: Totaal | T24: =B26/1000 -> 7092.359 | U24: =C26/1000 -> 7019.072 | V24: =D26/1000 -> 6908.965 | W24: =E26/1000 -> 6893.544 | X24: =F26/1000 -> 6953.961 | Y24: =G26/1000 -> 7074.535 | Z24: =H26/1000 -> 7255.876 | AA24: =I26/1000 -> 7670.437 | ... AG24: =O26/1000 -> 8261.791 | AP24: =#REF! -> #REF! | AQ24: =#REF! -> #REF!
T25: =SUM(T5:T22)=T24 -> TRUE | U25: =SUM(U5:U22)=U24 -> TRUE | V25: =SUM(V5:V22)=V24 -> TRUE | W25: =SUM(W5:W22)=W24 -> TRUE | X25: =SUM(X5:X22)=X24 -> TRUE | Y25: =SUM(Y5:Y22)=Y24 -> TRUE | Z25: =SUM(Z5:Z22)=Z24 -> TRUE | AA25: =SUM(AA5:AA22)=AA24 -> TRUE | ... AG25: =SUM(AG5:AG22)=AG24 -> TRUE
A26: Total | B26: 7092359 | C26: 7019072 | D26: 6908965 | E26: 6893544 | F26: 6953961 | G26: 7074535 | H26: 7255876 | I26: 7670437 | J26: 7765927 | K26: 7666065 | L26: 7938285 | M26: 8143837 | N26: 8219215 | O26: 8261791 | P26: 104863869
A28: baan-baanwisselaars: switch_beid_stream==1
AI29: Baanbeindigers(ref =2024)
B30: 2011 | C30: 2012 | D30: 2013 | E30: 2014 | F30: 2015 | G30: 2016 | H30: 2017 | I30: 2018 | J30: 2019 | K30: 2020 | L30: 2021 | M30: 2022 | N30: 2023 | O30: 2024 | P30: Total | S30: TBV FIGUUR: BAAN-BAANWISSELAARS | AK30: baanbeëindigers | baan-baanwisselaars | AL30: baanbeëindigers | uitstromers | AM30: totaal werkenden 2024 | AP30: baanbeëindigers | baan-baanwisselaars | AQ30: baanbeëindigers | uitstromers | AR30: totaal werkenden 2025
T31: 2011 | U31: 2012 | V31: 2013 | W31: 2014 | X31: 2015 | Y31: 2016 | Z31: 2017 | AA31: 2018 | AB31: 2019 | AC31: 2020 | AD31: 2021 | AE31: 2022 | AF31: 2023 | AG31: 2024 | AJ31: A Agrarisch | AK31: =O32/1000 -> 14.985 | AL31: =AG59 -> 16.446 | AM31: =O5/1000 -> 102.447 | AO31: A Agrarisch | AP31: =AK31/AM31 -> 0.14627075 | AQ31: =AL31/AM31 -> 0.16053179
A32: Landbouw, bosbouw en visserij | B32: 12297 | C32: 11701 | D32: 12305 | E32: 12859 | F32: 12937 | G32: 13377 | H32: 13994 | I32: 16584 | J32: 15056 | K32: 14909 | L32: 17489 | M32: 15858 | N32: 14411 | O32: 14985 | P32: 198762 | S32: A Agrarisch | T32: =B32/1000 -> 12.297 | U32: =C32/1000 -> 11.701 | V32: =D32/1000 -> 12.305 | W32: =E32/1000 -> 12.859 | X32: =F32/1000 -> 12.937 | Y32: =G32/1000 -> 13.377 | Z32: =H32/1000 -> 13.994 | AA32: =I32/1000 -> 16.584 | ... AG32: =O32/1000 -> 14.985 | AJ32: C* Industrie | AK32: =(O33+O34)/1000 -> 73.088 | AL32: =AG60 -> 46.856 | AM32: =(O6+O7)/1000 -> 726.723 | AO32: C* Industrie | AP32: =AK32/AM32 -> 0.10057202 | AQ32: =AL32/AM32 -> 0.064475736
A33: Winning van delfstoffen | B33: 527 | C33: 513 | D33: 720 | E33: 633 | F33: 643 | G33: 925 | H33: 823 | I33: 819 | J33: 516 | K33: 710 | L33: 780 | M33: 564 | N33: 615 | O33: 785 | P33: 9573 | S33: C* Industrie | T33: =(B33+B34)/1000 -> 74.537 | U33: =(C33+C34)/1000 -> 64.072 | V33: =(D33+D34)/1000 -> 60.093 | W33: =(E33+E34)/1000 -> 67.733 | X33: =(F33+F34)/1000 -> 59.308 | Y33: =(G33+G34)/1000 -> 61.897 | Z33: =(H33+H34)/1000 -> 70.546 | AA33: =(I33+I34)/1000 -> 71.807 | ... AG33: =(O33+O34)/1000 -> 73.088 | AJ33: D** Energie | AK33: =(O35+O36)/1000 -> 7.525 | AL33: =AG61 -> 4.266 | AM33: =(O8+O9)/1000 -> 77.283 | AO33: D** Energie | AP33: =AK33/AM33 -> 0.097369409 | AQ33: =AL33/AM33 -> 0.055199721
A34: Industrie | B34: 74010 | C34: 63559 | D34: 59373 | E34: 67100 | F34: 58665 | G34: 60972 | H34: 69723 | I34: 70988 | J34: 63375 | K34: 70939 | L34: 79040 | M34: 77587 | N34: 75478 | O34: 72303 | P34: 963112 | S34: D** Energie | T34: =(B35+B36)/1000 -> 8.913 | U34: =(C35+C36)/1000 -> 10.417 | V34: =(D35+D36)/1000 -> 10.565 | W34: =(E35+E36)/1000 -> 7.744 | X34: =(F35+F36)/1000 -> 6.841 | Y34: =(G35+G36)/1000 -> 9.336 | Z34: =(H35+H36)/1000 -> 7.104 | AA34: =(I35+I36)/1000 -> 7.687 | ... AG34: =(O35+O36)/1000 -> 7.525 | AJ34: F Bouwnijverheid | AK34: =O37/1000 -> 40.9 | AL34: =AG62 -> 20.519 | AM34: =O10/1000 -> 333.128 | AO34: F Bouwnijverheid | AP34: =AK34/AM34 -> 0.12277563 | AQ34: =AL34/AM34 -> 0.061594942
A35: Productie en distributie van en handel in elektriciteit, aardgas, stoom en gekoelde lucht | B35: 4230 | C35: 3201 | D35: 7911 | E35: 5374 | F35: 4275 | G35: 6540 | H35: 4212 | I35: 3266 | J35: 2629 | K35: 2607 | L35: 4066 | M35: 3634 | N35: 2637 | O35: 3604 | P35: 58186 | S35: F Bouwnijverheid | T35: =B37/1000 -> 41.634 | U35: =C37/1000 -> 42.758 | V35: =D37/1000 -> 33.179 | W35: =E37/1000 -> 32.399 | X35: =F37/1000 -> 30.223 | Y35: =G37/1000 -> 36.653 | Z35: =H37/1000 -> 35.567 | AA35: =I37/1000 -> 33.63 | ... AG35: =O37/1000 -> 40.9 | AJ35: G Handel | AK35: =O38/1000 -> 256.899 | AL35: =AG63 -> 138.027 | AM35: =O11/1000 -> 1359.114 | AO35: G Handel | AP35: =AK35/AM35 -> 0.18901946 | AQ35: =AL35/AM35 -> 0.1015566
A36: Winning en distributie van water; afval- en afvalwaterbeheer en sanering | B36: 4683 | C36: 7216 | D36: 2654 | E36: 2370 | F36: 2566 | G36: 2796 | H36: 2892 | I36: 4421 | J36: 2935 | K36: 2792 | L36: 3899 | M36: 4271 | N36: 3621 | O36: 3921 | P36: 51037 | S36: G Handel | T36: =B38/1000 -> 192.866 | U36: =C38/1000 -> 176.68 | V36: =D38/1000 -> 180.749 | W36: =E38/1000 -> 215.521 | X36: =F38/1000 -> 220.605 | Y36: =G38/1000 -> 237.384 | Z36: =H38/1000 -> 258.195 | AA36: =I38/1000 -> 269.899 | ... AG36: =O38/1000 -> 256.899 | AJ36: H Vervoer & Logistiek | AK36: =O39/1000 -> 47.866 | AL36: =AG64 -> 29.777 | AM36: =O12/1000 -> 386.862 | AO36: H Vervoer & Logistiek | AP36: =AK36/AM36 -> 0.12372887 | AQ36: =AL36/AM36 -> 0.076970599
A37: Bouwnijverheid | B37: 41634 | C37: 42758 | D37: 33179 | E37: 32399 | F37: 30223 | G37: 36653 | H37: 35567 | I37: 33630 | J37: 29730 | K37: 35161 | L37: 37739 | M37: 38293 | N37: 38120 | O37: 40900 | P37: 505986 | S37: H Vervoer & Logistiek | T37: =B39/1000 -> 50.878 | U37: =C39/1000 -> 42.933 | V37: =D39/1000 -> 40.572 | W37: =E39/1000 -> 47.604 | X37: =F39/1000 -> 40.079 | Y37: =G39/1000 -> 45.128 | Z37: =H39/1000 -> 47.372 | AA37: =I39/1000 -> 48.378 | ... AG37: =O39/1000 -> 47.866 | AJ37: I Horeca | AK37: =O40/1000 -> 139.556 | AL37: =AG65 -> 71.359 | AM37: =O13/1000 -> 446.855 | AO37: I Horeca | AP37: =AK37/AM37 -> 0.31230712 | AQ37: =AL37/AM37 -> 0.15969162
A38: Groot- en detailhandel; reparatie van auto's | B38: 192866 | C38: 176680 | D38: 180749 | E38: 215521 | F38: 220605 | G38: 237384 | H38: 258195 | I38: 269899 | J38: 226210 | K38: 252808 | L38: 300003 | M38: 295303 | N38: 263524 | O38: 256899 | P38: 3346646 | S38: I Horeca | T38: =B40/1000 -> 79.95 | U38: =C40/1000 -> 74.024 | V38: =D40/1000 -> 80.407 | W38: =E40/1000 -> 88.265 | X38: =F40/1000 -> 99.552 | Y38: =G40/1000 -> 108.678 | Z38: =H40/1000 -> 115.864 | AA38: =I40/1000 -> 119.916 | ... AG38: =O40/1000 -> 139.556 | AJ38: J Media & ICT | AK38: =O41/1000 -> 46.011 | AL38: =AG66 -> 22.916 | AM38: =O14/1000 -> 300.255 | AO38: J Media & ICT | AP38: =AK38/AM38 -> 0.15323975 | AQ38: =AL38/AM38 -> 0.076321793
A39: Vervoer en opslag | B39: 50878 | C39: 42933 | D39: 40572 | E39: 47604 | F39: 40079 | G39: 45128 | H39: 47372 | I39: 48378 | J39: 46318 | K39: 44677 | L39: 52674 | M39: 51147 | N39: 49187 | O39: 47866 | P39: 654813 | S39: J Media & ICT | T39: =B41/1000 -> 31.955 | U39: =C41/1000 -> 30.248 | V39: =D41/1000 -> 30.061 | W39: =E41/1000 -> 33.51 | X39: =F41/1000 -> 37.841 | Y39: =G41/1000 -> 38.249 | Z39: =H41/1000 -> 46.379 | AA39: =I41/1000 -> 45.37 | ... AG39: =O41/1000 -> 46.011 | AJ39: K Financieel | AK39: =O42/1000 -> 35.776 | AL39: =AG67 -> 11.542 | AM39: =O15/1000 -> 211.454 | AO39: K Financieel | AP39: =AK39/AM39 -> 0.16919046 | AQ39: =AL39/AM39 -> 0.054583976
A40: Logies-, maaltijd- en drankverstrekking | B40: 79950 | C40: 74024 | D40: 80407 | E40: 88265 | F40: 99552 | G40: 108678 | H40: 115864 | I40: 119916 | J40: 110919 | K40: 118099 | L40: 128648 | M40: 129021 | N40: 132875 | O40: 139556 | P40: 1525774 | S40: K Financieel | T40: =B42/1000 -> 57.886 | U40: =C42/1000 -> 18.832 | V40: =D42/1000 -> 17.673 | W40: =E42/1000 -> 19.276 | X40: =F42/1000 -> 23.473 | Y40: =G42/1000 -> 52.621 | Z40: =H42/1000 -> 32.538 | AA40: =I42/1000 -> 60.013 | ... AG40: =O42/1000 -> 35.776 | AJ40: L Onroerend goed | AK40: =O43/1000 -> 7.862 | AL40: =AG68 -> 4.134 | AM40: =O16/1000 -> 62.897 | AO40: L Onroerend goed | AP40: =AK40/AM40 -> 0.12499801 | AQ40: =AL40/AM40 -> 0.065726505
A41: Informatie en communicatie | B41: 31955 | C41: 30248 | D41: 30061 | E41: 33510 | F41: 37841 | G41: 38249 | H41: 46379 | I41: 45370 | J41: 39564 | K41: 45746 | L41: 54445 | M41: 50791 | N41: 46439 | O41: 46011 | P41: 576609 | S41: L Onroerend goed | T41: =B43/1000 -> 6.48 | U41: =C43/1000 -> 5.642 | V41: =D43/1000 -> 5.687 | W41: =E43/1000 -> 6.098 | X41: =F43/1000 -> 6.351 | Y41: =G43/1000 -> 6.914 | Z41: =H43/1000 -> 7.85 | AA41: =I43/1000 -> 8.458 | ... AG41: =O43/1000 -> 7.862 | AJ41: M Zakelijk | AK41: =O44/1000 -> 85.583 | AL41: =AG69 -> 38.679 | AM41: =O17/1000 -> 498.073 | AO41: M Zakelijk | AP41: =AK41/AM41 -> 0.17182823 | AQ41: =AL41/AM41 -> 0.077657291
A42: Financiële instellingen | B42: 57886 | C42: 18832 | D42: 17673 | E42: 19276 | F42: 23473 | G42: 52621 | H42: 32538 | I42: 60013 | J42: 32588 | K42: 31437 | L42: 29269 | M42: 40846 | N42: 28829 | O42: 35776 | P42: 481057 | S42: M Zakelijk | T42: =B44/1000 -> 68.423 | U42: =C44/1000 -> 69.02 | V42: =D44/1000 -> 60.295 | W42: =E44/1000 -> 67.552 | X42: =F44/1000 -> 68.316 | Y42: =G44/1000 -> 70.385 | Z42: =H44/1000 -> 73.559 | AA42: =I44/1000 -> 80.568 | ... AG42: =O44/1000 -> 85.583 | AJ42: N Facilitair | AK42: =O45/1000 -> 47.66 | AL42: =AG70 -> 28.714 | AM42: =O18/1000 -> 268.176 | AO42: N Facilitair | AP42: =AK42/AM42 -> 0.17771911 | AQ42: =AL42/AM42 -> 0.10707148
A43: Verhuur van en handel in onroerend goed | B43: 6480 | C43: 5642 | D43: 5687 | E43: 6098 | F43: 6351 | G43: 6914 | H43: 7850 | I43: 8458 | J43: 6762 | K43: 7406 | L43: 8605 | M43: 8546 | N43: 8003 | O43: 7862 | P43: 100664 | S43: N Facilitair | T43: =B45/1000 -> 43.562 | U43: =C45/1000 -> 41.197 | V43: =D45/1000 -> 42.715 | W43: =E45/1000 -> 43.088 | X43: =F45/1000 -> 41.291 | Y43: =G45/1000 -> 44.527 | Z43: =H45/1000 -> 48.848 | AA43: =I45/1000 -> 52.941 | ... AG43: =O45/1000 -> 47.66 | AJ43: O Overheid | AK43: =O46/1000 -> 25.061 | AL43: =AG71 -> 25.89 | AM43: =O19/1000 -> 595.804 | AO43: O Overheid | AP43: =AK43/AM43 -> 0.04206249 | AQ43: =AL43/AM43 -> 0.043453888
A44: Advisering, onderzoek en overige specialistische zakelijke dienstverlening | B44: 68423 | C44: 69020 | D44: 60295 | E44: 67552 | F44: 68316 | G44: 70385 | H44: 73559 | I44: 80568 | J44: 70655 | K44: 73334 | L44: 81514 | M44: 83425 | N44: 86403 | O44: 85583 | P44: 1039032 | S44: O Overheid | T44: =B46/1000 -> 31.8 | U44: =C46/1000 -> 31.64 | V44: =D46/1000 -> 81.96 | W44: =E46/1000 -> 17.953 | X44: =F46/1000 -> 19.678 | Y44: =G46/1000 -> 22.013 | Z44: =H46/1000 -> 19.93 | AA44: =I46/1000 -> 28.05 | ... AG44: =O46/1000 -> 25.061 | AJ44: P Onderwijs | AK44: =O47/1000 -> 48.04 | AL44: =AG72 -> 37.546 | AM44: =O20/1000 -> 557.512 | AO44: P Onderwijs | AP44: =AK44/AM44 -> 0.086168549 | AQ44: =AL44/AM44 -> 0.067345636
A45: Verhuur van roerende goederen en overige zakelijke dienstverlening | B45: 43562 | C45: 41197 | D45: 42715 | E45: 43088 | F45: 41291 | G45: 44527 | H45: 48848 | I45: 52941 | J45: 45379 | K45: 49668 | L45: 52089 | M45: 51836 | N45: 64843 | O45: 47660 | P45: 669644 | S45: P Onderwijs | T45: =B47/1000 -> 37.055 | U45: =C47/1000 -> 33.482 | V45: =D47/1000 -> 29.97 | W45: =E47/1000 -> 35.626 | X45: =F47/1000 -> 36.43 | Y45: =G47/1000 -> 38.981 | Z45: =H47/1000 -> 45.332 | AA45: =I47/1000 -> 46.819 | ... AG45: =O47/1000 -> 48.04 | AJ45: Q Zorg & Welzijn | AK45: =O48/1000 -> 164.831 | AL45: =AG73 -> 87.849 | AM45: =O21/1000 -> 1411.126 | AO45: Q Zorg & Welzijn | AP45: =AK45/AM45 -> 0.11680814 | AQ45: =AL45/AM45 -> 0.06225454
A46: Openbaar bestuur, overheidsdiensten en verplichte sociale verzekeringen | B46: 31800 | C46: 31640 | D46: 81960 | E46: 17953 | F46: 19678 | G46: 22013 | H46: 19930 | I46: 28050 | J46: 21958 | K46: 20294 | L46: 30278 | M46: 27737 | N46: 26007 | O46: 25061 | P46: 404359 | S46: Q Zorg & Welzijn | T46: =B48/1000 -> 164.402 | U46: =C48/1000 -> 139.766 | V46: =D48/1000 -> 132.749 | W46: =E48/1000 -> 179.945 | X46: =F48/1000 -> 164.443 | Y46: =G48/1000 -> 164.526 | Z46: =H48/1000 -> 163.427 | AA46: =I48/1000 -> 169.198 | ... AG46: =O48/1000 -> 164.831 | AJ46: R Cultuur & Recreatie | AK46: =O49/1000 -> 24.949 | AL46: =AG74 -> 15.343 | AM46: =O22/1000 -> 133.268 | AO46: R Cultuur & Recreatie | AP46: =AK46/AM46 -> 0.18720923 | AQ46: =AL46/AM46 -> 0.11512891
... A48: Gezondheids- en welzijnszorg | B48: 164402 | C48: 139766 | D48: 132749 | E48: 179945 | F48: 164443 | G48: 164526 | H48: 163427 | I48: 169198 | J48: 152018 | K48: 163852 | L48: 177033 | M48: 181016 | N48: 208464 | O48: 164831 | P48: 2325670 | S48: S Overig | T48: =B50/1000 -> 18.353 | U48: =C50/1000 -> 19.826 | V48: =D50/1000 -> 22.583 | W48: =E50/1000 -> 21.077 | X48: =F50/1000 -> 16.174 | Y48: =G50/1000 -> 16.785 | Z48: =H50/1000 -> 18.606 | AA48: =I50/1000 -> 23.038 | ... AG48: =O50/1000 -> 15.861 | AJ48: 78 Uitzend | AK48: =O51/1000 -> 234.022 | AL48: =AG76 -> 157.14 | AM48: =O24/1000 -> 671.431 | AO48: 78 Uitzend | AP48: =AK48/AM48 -> 0.34854214 | AQ48: =AL48/AM48 -> 0.23403745
A49: Cultuur, sport en recreatie | B49: 17779 | C49: 18838 | D49: 17784 | E49: 17941 | F49: 19130 | G49: 19762 | H49: 24547 | I49: 22438 | J49: 20438 | K49: 21553 | L49: 22906 | M49: 24090 | N49: 23570 | O49: 24949 | P49: 295725 | S49: 78 Uitzend | T49: =B51/1000 -> 184.168 | U49: =C51/1000 -> 170.574 | V49: =D51/1000 -> 178.245 | W49: =E51/1000 -> 203.774 | X49: =F51/1000 -> 272.872 | Y49: =G51/1000 -> 262.801 | Z49: =H51/1000 -> 276.317 | AA49: =I51/1000 -> 310.209 | ... AG49: =O51/1000 -> 234.022
A50: Overige dienstverlening | B50: 18353 | C50: 19826 | D50: 22583 | E50: 21077 | F50: 16174 | G50: 16785 | H50: 18606 | I50: 23038 | J50: 17343 | K50: 17927 | L50: 22254 | M50: 18514 | N50: 16961 | O50: 15861 | P50: 265302 | AJ50: Totaal | AK50: =O53/1000 -> 1316.475 | AL50: =AG78 -> 768.718 | AM50: =O26/1000 -> 8261.791 | AO50: Totaal | AP50: =AK50/AM50 -> 0.15934499 | AQ50: =AL50/AM50 -> 0.093044958
A51: Uitzendsector | B51: 184168 | C51: 170574 | D51: 178245 | E51: 203774 | F51: 272872 | G51: 262801 | H51: 276317 | I51: 310209 | J51: 296816 | K51: 241195 | L51: 291473 | M51: 274154 | N51: 241193 | O51: 234022 | P51: 3437813 | S51: Totaal | T51: =B53/1000 -> 1122.938 | U51: =C53/1000 -> 1001.65 | V51: =D53/1000 -> 1037.592 | W51: =E53/1000 -> 1117.965 | X51: =F53/1000 -> 1175.544 | Y51: =G53/1000 -> 1250.017 | Z51: =H53/1000 -> 1305.975 | AA51: =I53/1000 -> 1415.003 | ... AG51: =O53/1000 -> 1316.475 | AP51: =AP50 -> 0.15934499 | AQ51: =AQ50 -> 0.093044958
T52: =SUM(T32:T49)=T51 -> TRUE | U52: =SUM(U32:U49)=U51 -> TRUE | V52: =SUM(V32:V49)=V51 -> TRUE | W52: =SUM(W32:W49)=W51 -> TRUE | X52: =SUM(X32:X49)=X51 -> TRUE | Y52: =SUM(Y32:Y49)=Y51 -> TRUE | Z52: =SUM(Z32:Z49)=Z51 -> TRUE | AA52: =SUM(AA32:AA49)=AA51 -> TRUE | ... AG52: =SUM(AG32:AG49)=AG51 -> TRUE
A53: Total | B53: 1122938 | C53: 1001650 | D53: 1037592 | E53: 1117965 | F53: 1175544 | G53: 1250017 | H53: 1305975 | I53: 1415003 | J53: 1241338 | K53: 1263509 | L53: 1452932 | M53: 1432567 | N53: 1386164 | O53: 1316475 | P53: 17519669
A56: uitstroom: switch_beid_stream==4
A57: Company sector (broad classification, SBI letters) | B57: 2011 | C57: 2012 | D57: 2013 | E57: 2014 | F57: 2015 | G57: 2016 | H57: 2017 | I57: 2018 | J57: 2019 | K57: 2020 | L57: 2021 | M57: 2022 | N57: 2023 | O57: 2024 | P57: Total | S57: TBV FIGUUR: UITSTROOM
T58: 2011 | U58: 2012 | V58: 2013 | W58: 2014 | X58: 2015 | Y58: 2016 | Z58: 2017 | AA58: 2018 | AB58: 2019 | AC58: 2020 | AD58: 2021 | AE58: 2022 | AF58: 2023 | AG58: 2024
A59: Landbouw, bosbouw en visserij | B59: 10000 | C59: 9754 | D59: 9739 | E59: 9230 | F59: 8900 | G59: 8287 | H59: 7907 | I59: 16619 | J59: 14653 | K59: 12781 | L59: 18078 | M59: 16936 | N59: 16538 | O59: 16446 | P59: 175868 | S59: A Agrarisch | T59: =B59/1000 -> 10 | U59: =C59/1000 -> 9.754 | V59: =D59/1000 -> 9.739 | W59: =E59/1000 -> 9.23 | X59: =F59/1000 -> 8.9 | Y59: =G59/1000 -> 8.287 | Z59: =H59/1000 -> 7.907 | AA59: =I59/1000 -> 16.619 | ... AG59: =O59/1000 -> 16.446
A60: Winning van delfstoffen | B60: 542 | C60: 440 | D60: 539 | E60: 605 | F60: 786 | G60: 1039 | H60: 526 | I60: 559 | J60: 504 | K60: 795 | L60: 435 | M60: 519 | N60: 482 | O60: 635 | P60: 8406 | S60: C* Industrie | T60: =(B60+B61)/1000 -> 41.828 | U60: =(C60+C61)/1000 -> 43.317 | V60: =(D60+D61)/1000 -> 37.627 | W60: =(E60+E61)/1000 -> 35.113 | X60: =(F60+F61)/1000 -> 32.036 | Y60: =(G60+G61)/1000 -> 31.539 | Z60: =(H60+H61)/1000 -> 31.62 | AA60: =(I60+I61)/1000 -> 36.383 | ... AG60: =(O60+O61)/1000 -> 46.856
A61: Industrie | B61: 41286 | C61: 42877 | D61: 37088 | E61: 34508 | F61: 31250 | G61: 30500 | H61: 31094 | I61: 35824 | J61: 41448 | K61: 38303 | L61: 38913 | M61: 41782 | N61: 46210 | O61: 46221 | P61: 537304 | S61: D** Energie | T61: =(B62+B63)/1000 -> 2.58 | U61: =(C62+C63)/1000 -> 3.123 | V61: =(D62+D63)/1000 -> 2.916 | W61: =(E62+E63)/1000 -> 2.84 | X61: =(F62+F63)/1000 -> 2.762 | Y61: =(G62+G63)/1000 -> 2.764 | Z61: =(H62+H63)/1000 -> 2.843 | AA61: =(I62+I63)/1000 -> 3.165 | ... AG61: =(O62+O63)/1000 -> 4.266
A62: Productie en distributie van en handel in elektriciteit, aardgas, stoom en gekoelde lucht | B62: 958 | C62: 1246 | D62: 1330 | E62: 1394 | F62: 1353 | G62: 1401 | H62: 1420 | I62: 1584 | J62: 1470 | K62: 1458 | L62: 1498 | M62: 2666 | N62: 1709 | O62: 2088 | P62: 21575 | S62: F Bouwnijverheid | T62: =B64/1000 -> 28.123 | U62: =C64/1000 -> 31.284 | V62: =D64/1000 -> 22.769 | W62: =E64/1000 -> 18.416 | X62: =F64/1000 -> 14.746 | Y62: =G64/1000 -> 13.606 | Z62: =H64/1000 -> 15.009 | AA62: =I64/1000 -> 17.11 | ... AG62: =O64/1000 -> 20.519
A63: Winning en distributie van water; afval- en afvalwaterbeheer en sanering | B63: 1622 | C63: 1877 | D63: 1586 | E63: 1446 | F63: 1409 | G63: 1363 | H63: 1423 | I63: 1581 | J63: 1854 | K63: 1655 | L63: 1631 | M63: 1877 | N63: 2100 | O63: 2178 | P63: 23602 | S63: G Handel | T63: =B65/1000 -> 125.104 | U63: =C65/1000 -> 135.122 | V63: =D65/1000 -> 127.965 | W63: =E65/1000 -> 127.383 | X63: =F65/1000 -> 127.222 | Y63: =G65/1000 -> 117.779 | Z63: =H65/1000 -> 119.745 | AA63: =I65/1000 -> 126.649 | ... AG63: =O65/1000 -> 138.027
A64: Bouwnijverheid | B64: 28123 | C64: 31284 | D64: 22769 | E64: 18416 | F64: 14746 | G64: 13606 | H64: 15009 | I64: 17110 | J64: 19165 | K64: 19434 | L64: 20377 | M64: 21695 | N64: 22512 | O64: 20519 | P64: 284765 | S64: H Vervoer & Logistiek | T64: =B66/1000 -> 27.755 | U64: =C66/1000 -> 28.108 | V64: =D66/1000 -> 26.129 | W64: =E66/1000 -> 24.799 | X64: =F66/1000 -> 23.591 | Y64: =G66/1000 -> 22.134 | Z64: =H66/1000 -> 22.72 | AA64: =I66/1000 -> 25.588 | ... AG64: =O66/1000 -> 29.777
A65: Groot- en detailhandel; reparatie van auto's | B65: 125104 | C65: 135122 | D65: 127965 | E65: 127383 | F65: 127222 | G65: 117779 | H65: 119745 | I65: 126649 | J65: 136872 | K65: 119350 | L65: 123687 | M65: 131783 | N65: 135756 | O65: 138027 | P65: 1792444 | S65: I Horeca | T65: =B67/1000 -> 50.597 | U65: =C67/1000 -> 53.434 | V65: =D67/1000 -> 52.263 | W65: =E67/1000 -> 52.098 | X65: =F67/1000 -> 52.277 | Y65: =G67/1000 -> 54.076 | Z65: =H67/1000 -> 55.809 | AA65: =I67/1000 -> 59.811 | ... AG65: =O67/1000 -> 71.359
A66: Vervoer en opslag | B66: 27755 | C66: 28108 | D66: 26129 | E66: 24799 | F66: 23591 | G66: 22134 | H66: 22720 | I66: 25588 | J66: 32226 | K66: 26535 | L66: 27059 | M66: 28809 | N66: 29465 | O66: 29777 | P66: 374695 | S66: J Media & ICT | T66: =B68/1000 -> 17.975 | U66: =C68/1000 -> 19.244 | V66: =D68/1000 -> 17.781 | W66: =E68/1000 -> 16.563 | X66: =F68/1000 -> 16.807 | Y66: =G68/1000 -> 17.322 | Z66: =H68/1000 -> 18.623 | AA66: =I68/1000 -> 19.837 | ... AG66: =O68/1000 -> 22.916
A67: Logies-, maaltijd- en drankverstrekking | B67: 50597 | C67: 53434 | D67: 52263 | E67: 52098 | F67: 52277 | G67: 54076 | H67: 55809 | I67: 59811 | J67: 70049 | K67: 54357 | L67: 60292 | M67: 66798 | N67: 71752 | O67: 71359 | P67: 824972 | S67: K Financieel | T67: =B69/1000 -> 15.154 | U67: =C69/1000 -> 15.594 | V67: =D69/1000 -> 16.09 | W67: =E69/1000 -> 14.647 | X67: =F69/1000 -> 15.014 | Y67: =G69/1000 -> 15.608 | Z67: =H69/1000 -> 13.517 | AA67: =I69/1000 -> 12.029 | ... AG67: =O69/1000 -> 11.542
A68: Informatie en communicatie | B68: 17975 | C68: 19244 | D68: 17781 | E68: 16563 | F68: 16807 | G68: 17322 | H68: 18623 | I68: 19837 | J68: 21023 | K68: 17553 | L68: 19208 | M68: 21494 | N68: 22884 | O68: 22916 | P68: 269230 | S68: L Onroerend goed | T68: =B70/1000 -> 4.996 | U68: =C70/1000 -> 4.885 | V68: =D70/1000 -> 4.656 | W68: =E70/1000 -> 4.616 | X68: =F70/1000 -> 3.968 | Y68: =G70/1000 -> 3.988 | Z68: =H70/1000 -> 3.865 | AA68: =I70/1000 -> 3.676 | ... AG68: =O70/1000 -> 4.134
A69: Financiële instellingen | B69: 15154 | C69: 15594 | D69: 16090 | E69: 14647 | F69: 15014 | G69: 15608 | H69: 13517 | I69: 12029 | J69: 11469 | K69: 10683 | L69: 11126 | M69: 11387 | N69: 11383 | O69: 11542 | P69: 185243 | S69: M Zakelijk | T69: =B71/1000 -> 38.147 | U69: =C71/1000 -> 40.115 | V69: =D71/1000 -> 35.433 | W69: =E71/1000 -> 35.731 | X69: =F71/1000 -> 32.54 | Y69: =G71/1000 -> 32.736 | Z69: =H71/1000 -> 31.176 | AA69: =I71/1000 -> 33.745 | ... AG69: =O71/1000 -> 38.679
A70: Verhuur van en handel in onroerend goed | B70: 4996 | C70: 4885 | D70: 4656 | E70: 4616 | F70: 3968 | G70: 3988 | H70: 3865 | I70: 3676 | J70: 4243 | K70: 3795 | L70: 3794 | M70: 4029 | N70: 3971 | O70: 4134 | P70: 58616 | S70: N Facilitair | T70: =B72/1000 -> 28.001 | U70: =C72/1000 -> 30.739 | V70: =D72/1000 -> 27.475 | W70: =E72/1000 -> 26.44 | X70: =F72/1000 -> 24.886 | Y70: =G72/1000 -> 23.338 | Z70: =H72/1000 -> 22.926 | AA70: =I72/1000 -> 26.244 | ... AG70: =O72/1000 -> 28.714
A71: Advisering, onderzoek en overige specialistische zakelijke dienstverlening | B71: 38147 | C71: 40115 | D71: 35433 | E71: 35731 | F71: 32540 | G71: 32736 | H71: 31176 | I71: 33745 | J71: 36914 | K71: 31931 | L71: 32795 | M71: 36362 | N71: 37689 | O71: 38679 | P71: 493993 | S71: O Overheid | T71: =B73/1000 -> 19.172 | U71: =C73/1000 -> 16.476 | V71: =D73/1000 -> 17.462 | W71: =E73/1000 -> 16.312 | X71: =F73/1000 -> 17.569 | Y71: =G73/1000 -> 17.152 | Z71: =H73/1000 -> 16.963 | AA71: =I73/1000 -> 16.916 | ... AG71: =O73/1000 -> 25.89
A72: Verhuur van roerende goederen en overige zakelijke dienstverlening | B72: 28001 | C72: 30739 | D72: 27475 | E72: 26440 | F72: 24886 | G72: 23338 | H72: 22926 | I72: 26244 | J72: 29637 | K72: 24948 | L72: 25681 | M72: 28461 | N72: 29281 | O72: 28714 | P72: 376771 | S72: P Onderwijs | T72: =B74/1000 -> 33.479 | U72: =C74/1000 -> 32.187 | V72: =D74/1000 -> 30.474 | W72: =E74/1000 -> 30.79 | X72: =F74/1000 -> 30.404 | Y72: =G74/1000 -> 30.777 | Z72: =H74/1000 -> 31.147 | AA72: =I74/1000 -> 31.671 | ... AG72: =O74/1000 -> 37.546
A73: Openbaar bestuur, overheidsdiensten en verplichte sociale verzekeringen | B73: 19172 | C73: 16476 | D73: 17462 | E73: 16312 | F73: 17569 | G73: 17152 | H73: 16963 | I73: 16916 | J73: 20366 | K73: 20479 | L73: 21035 | M73: 22173 | N73: 23911 | O73: 25890 | P73: 271876 | S73: Q Zorg & Welzijn | T73: =B75/1000 -> 79.958 | U73: =C75/1000 -> 87.162 | V73: =D75/1000 -> 86.719 | W73: =E75/1000 -> 87.649 | X73: =F75/1000 -> 73.861 | Y73: =G75/1000 -> 65.668 | Z73: =H75/1000 -> 66.829 | AA73: =I75/1000 -> 68.167 | ... AG73: =O75/1000 -> 87.849
... A76: Cultuur, sport en recreatie | B76: 13363 | C76: 14339 | D76: 12820 | E76: 12713 | F76: 11902 | G76: 11801 | H76: 11861 | I76: 12937 | J76: 14491 | K76: 11701 | L76: 12542 | M76: 14109 | N76: 14750 | O76: 15343 | P76: 184672 | S76: 78 Uitzend | T76: =B78/1000 -> 106.674 | U76: =C78/1000 -> 106.035 | V76: =D78/1000 -> 102.006 | W76: =E78/1000 -> 99.721 | X76: =F78/1000 -> 101.89 | Y76: =G78/1000 -> 101.703 | Z76: =H78/1000 -> 108.658 | AA76: =I78/1000 -> 181.048 | ... AG76: =O78/1000 -> 157.14
A77: Overige dienstverlening | B77: 14112 | C77: 13868 | D77: 13383 | E77: 12473 | F77: 11611 | G77: 11252 | H77: 10909 | I77: 11247 | J77: 12351 | K77: 10848 | L77: 10779 | M77: 11140 | N77: 11340 | O77: 11715 | P77: 167028
A78: Uitzendsector | B78: 106674 | C78: 106035 | D78: 102006 | E78: 99721 | F78: 101890 | G78: 101703 | H78: 108658 | I78: 181048 | J78: 181871 | K78: 113368 | L78: 169713 | M78: 188346 | N78: 167445 | O78: 157140 | P78: 1885618 | S78: Totaal | T78: =B80/1000 -> 657.018 | U78: =C80/1000 -> 684.786 | V78: =D80/1000 -> 643.707 | W78: =E80/1000 -> 627.534 | X78: =F80/1000 -> 601.986 | Y78: =G80/1000 -> 581.53 | Z78: =H80/1000 -> 592.127 | AA78: =I80/1000 -> 702.842 | ... AG78: =O80/1000 -> 768.718
T79: =SUM(T59:T76)=T78 -> TRUE | U79: =SUM(U59:U76)=U78 -> TRUE | V79: =SUM(V59:V76)=V78 -> TRUE | W79: =SUM(W59:W76)=W78 -> TRUE | X79: =SUM(X59:X76)=X78 -> TRUE | Y79: =SUM(Y59:Y76)=Y78 -> TRUE | Z79: =SUM(Z59:Z76)=Z78 -> TRUE | AA79: =SUM(AA59:AA76)=AA78 -> TRUE | ... AG79: =SUM(AG59:AG76)=AG78 -> TRUE
A80: Total | B80: 657018 | C80: 684786 | D80: 643707 | E80: 627534 | F80: 601986 | G80: 581530 | H80: 592127 | I80: 702842 | J80: 758872 | K80: 627967 | L80: 716980 | M80: 772045 | N80: 775060 | O80: 768718 | P80: 9511172
A82: table sbi_new year if hoofdbaan_new!=., mi row col format(%12.0f)
B84: 2011 | C84: 2012 | D84: 2013 | E84: 2014 | F84: 2015 | G84: 2016 | H84: 2017 | I84: 2018 | J84: 2019 | K84: 2020 | L84: 2021 | M84: 2022 | N84: 2023 | O84: 2024 | P84: Total | S84: TBV FIGUUR: UITSTROOM
T85: 2011 | U85: 2012 | V85: 2013 | W85: 2014 | X85: 2015 | Y85: 2016 | Z85: 2017 | AA85: 2018 | AB85: 2019 | AC85: 2020 | AD85: 2021 | AE85: 2022 | AF85: 2023 | AG85: 2024
A86: 1 | B86: 79947 | C86: 81072 | D86: 80436 | E86: 79710 | F86: 80350 | G86: 80543 | H86: 102139 | I86: 98174 | J86: 96632 | K86: 104614 | L86: 101921 | M86: 100499 | N86: 100601 | O86: 96360 | P86: 1282998 | S86: A Agrarisch | T86: =B86/1000 -> 79.947 | U86: =C86/1000 -> 81.072 | V86: =D86/1000 -> 80.436 | W86: =E86/1000 -> 79.71 | X86: =F86/1000 -> 80.35 | Y86: =G86/1000 -> 80.543 | Z86: =H86/1000 -> 102.139 | AA86: =I86/1000 -> 98.174 | ... AG86: =O86/1000 -> 96.36
A87: 2 | B87: 8059 | C87: 9814 | D87: 10300 | E87: 10195 | F87: 9661 | G87: 7921 | H87: 8052 | I87: 8114 | J87: 8069 | K87: 7406 | L87: 7676 | M87: 7972 | N87: 8001 | O87: 8077 | P87: 119317 | S87: C* Industrie | T87: =(B87+B88)/1000 -> 630.566 | U87: =(C87+C88)/1000 -> 618.779 | V87: =(D87+D88)/1000 -> 615.746 | W87: =(E87+E88)/1000 -> 617.622 | X87: =(F87+F88)/1000 -> 625.084 | Y87: =(G87+G88)/1000 -> 636.954 | Z87: =(H87+H88)/1000 -> 666.767 | AA87: =(I87+I88)/1000 -> 684.877 | ... AG87: =(O87+O88)/1000 -> 724.955
A88: 3 | B88: 622507 | C88: 608965 | D88: 605446 | E88: 607427 | F88: 615423 | G88: 629033 | H88: 658715 | I88: 676763 | J88: 670320 | K88: 679044 | L88: 698151 | M88: 713970 | N88: 717265 | O88: 716878 | P88: 9219907 | S88: D** Energie | T88: =(B89+B90)/1000 -> 62.538 | U88: =(C89+C90)/1000 -> 56.948 | V88: =(D89+D90)/1000 -> 57.013 | W88: =(E89+E90)/1000 -> 57.867 | X88: =(F89+F90)/1000 -> 57.711 | Y88: =(G89+G90)/1000 -> 58.72 | Z88: =(H89+H90)/1000 -> 60.709 | AA88: =(I89+I90)/1000 -> 61.539 | ... AG88: =(O89+O90)/1000 -> 81.022
A89: 4 | B89: 26130 | C89: 25628 | D89: 25479 | E89: 26631 | F89: 26000 | G89: 26079 | H89: 26482 | I89: 26776 | J89: 27827 | K89: 29701 | L89: 31655 | M89: 34158 | N89: 38736 | O89: 40598 | P89: 411880 | S89: F Bouwnijverheid | T89: =B91/1000 -> 322.635 | U89: =C91/1000 -> 294.076 | V89: =D91/1000 -> 279.811 | W89: =E91/1000 -> 273.856 | X89: =F91/1000 -> 275.585 | Y89: =G91/1000 -> 284.292 | Z89: =H91/1000 -> 298.377 | AA89: =I91/1000 -> 307.593 | ... AG89: =O91/1000 -> 344.432
A90: 5 | B90: 36408 | C90: 31320 | D90: 31534 | E90: 31236 | F90: 31711 | G90: 32641 | H90: 34227 | I90: 34763 | J90: 35195 | K90: 36124 | L90: 37100 | M90: 37819 | N90: 38551 | O90: 40424 | P90: 489053 | S90: G Handel | T90: =B92/1000 -> 1195.274 | U90: =C92/1000 -> 1181.07 | V90: =D92/1000 -> 1181.4 | W90: =E92/1000 -> 1197.443 | X90: =F92/1000 -> 1209.566 | Y90: =G92/1000 -> 1242.653 | Z90: =H92/1000 -> 1279.288 | AA90: =I92/1000 -> 1290.162 | ... AG90: =O92/1000 -> 1294.115
A91: 6 | B91: 322635 | C91: 294076 | D91: 279811 | E91: 273856 | F91: 275585 | G91: 284292 | H91: 298377 | I91: 307593 | J91: 311875 | K91: 318810 | L91: 326567 | M91: 330972 | N91: 332772 | O91: 344432 | P91: 4301653 | S91: H Vervoer & Logistiek | T91: =B93/1000 -> 348.25 | U91: =C93/1000 -> 342.971 | V91: =D93/1000 -> 338.881 | W91: =E93/1000 -> 337.807 | X91: =F93/1000 -> 339.917 | Y91: =G93/1000 -> 345.135 | Z91: =H93/1000 -> 368.186 | AA91: =I93/1000 -> 373.049 | ... AG91: =O93/1000 -> 391.22
A92: 7 | B92: 1195274 | C92: 1181070 | D92: 1181400 | E92: 1197443 | F92: 1209566 | G92: 1242653 | H92: 1279288 | I92: 1290162 | J92: 1297603 | K92: 1307482 | L92: 1313457 | M92: 1307828 | N92: 1311748 | O92: 1294115 | P92: 17609089 | S92: I Horeca | T92: =B94/1000 -> 302.602 | U92: =C94/1000 -> 306.386 | V92: =D94/1000 -> 317.982 | W92: =E94/1000 -> 331.517 | X92: =F94/1000 -> 349.119 | Y92: =G94/1000 -> 361.993 | Z92: =H94/1000 -> 376.826 | AA92: =I94/1000 -> 387.937 | ... AG92: =O94/1000 -> 426.368
A93: 8 | B93: 348250 | C93: 342971 | D93: 338881 | E93: 337807 | F93: 339917 | G93: 345135 | H93: 368186 | I93: 373049 | J93: 366463 | K93: 373139 | L93: 381496 | M93: 385515 | N93: 387084 | O93: 391220 | P93: 5079113 | S93: J Media & ICT | T93: =B95/1000 -> 213.052 | U93: =C95/1000 -> 207.814 | V93: =D95/1000 -> 214.571 | W93: =E95/1000 -> 220.314 | X93: =F95/1000 -> 230.405 | Y93: =G95/1000 -> 242.756 | Z93: =H95/1000 -> 253.945 | AA93: =I95/1000 -> 262.747 | ... AG93: =O95/1000 -> 296.17
A94: 9 | B94: 302602 | C94: 306386 | D94: 317982 | E94: 331517 | F94: 349119 | G94: 361993 | H94: 376826 | I94: 387937 | J94: 369593 | K94: 376338 | L94: 403653 | M94: 423761 | N94: 429611 | O94: 426368 | P94: 5163686 | S94: K Financieel | T94: =B96/1000 -> 228.607 | U94: =C96/1000 -> 221.475 | V94: =D96/1000 -> 212.669 | W94: =E96/1000 -> 218.243 | X94: =F96/1000 -> 212.59 | Y94: =G96/1000 -> 201.095 | Z94: =H96/1000 -> 198.759 | AA94: =I96/1000 -> 193.456 | ... AG94: =O96/1000 -> 211.97
A95: 10 | B95: 213052 | C95: 207814 | D95: 214571 | E95: 220314 | F95: 230405 | G95: 242756 | H95: 253945 | I95: 262747 | J95: 268368 | K95: 283269 | L95: 301105 | M95: 305457 | N95: 300206 | O95: 296170 | P95: 3600179 | S95: L Onroerend goed | T95: =B97/1000 -> 57.714 | U95: =C97/1000 -> 56.139 | V95: =D97/1000 -> 55.37 | W95: =E97/1000 -> 54.849 | X95: =F97/1000 -> 55.387 | Y95: =G97/1000 -> 56.183 | Z95: =H97/1000 -> 56.773 | AA95: =I97/1000 -> 57.8 | ... AG95: =O97/1000 -> 65.604
A96: 11 | B96: 228607 | C96: 221475 | D96: 212669 | E96: 218243 | F96: 212590 | G96: 201095 | H96: 198759 | I96: 193456 | J96: 202817 | K96: 205222 | L96: 211173 | M96: 214810 | N96: 211481 | O96: 211970 | P96: 2944367 | S96: M Zakelijk | T96: =B98/1000 -> 408.693 | U96: =C98/1000 -> 398.792 | V96: =D98/1000 -> 402.949 | W96: =E98/1000 -> 398.34 | X96: =F98/1000 -> 410.648 | Y96: =G98/1000 -> 416.902 | Z96: =H98/1000 -> 436.485 | AA96: =I98/1000 -> 452.764 | ... AG96: =O98/1000 -> 501.647
A97: 12 | B97: 57714 | C97: 56139 | D97: 55370 | E97: 54849 | F97: 55387 | G97: 56183 | H97: 56773 | I97: 57800 | J97: 58504 | K97: 59221 | L97: 59536 | M97: 60879 | N97: 62863 | O97: 65604 | P97: 816822 | S97: N Facilitair | T97: =B99/1000 -> 245.377 | U97: =C99/1000 -> 241.809 | V97: =D99/1000 -> 243.27 | W97: =E99/1000 -> 246.555 | X97: =F99/1000 -> 250.902 | Y97: =G99/1000 -> 259.121 | Z97: =H99/1000 -> 270.32 | AA97: =I99/1000 -> 271.535 | ... AG97: =O99/1000 -> 269.012
A98: 13 | B98: 408693 | C98: 398792 | D98: 402949 | E98: 398340 | F98: 410648 | G98: 416902 | H98: 436485 | I98: 452764 | J98: 451156 | K98: 461643 | L98: 481487 | M98: 496149 | N98: 497859 | O98: 501647 | P98: 6215514 | S98: O Overheid | T98: =B100/1000 -> 479.005 | U98: =C100/1000 -> 476.577 | V98: =D100/1000 -> 471.213 | W98: =E100/1000 -> 466.823 | X98: =F100/1000 -> 464.32 | Y98: =G100/1000 -> 469.912 | Z98: =H100/1000 -> 478.706 | AA98: =I100/1000 -> 492.247 | ... AG98: =O100/1000 -> 619.859
A99: 14 | B99: 245377 | C99: 241809 | D99: 243270 | E99: 246555 | F99: 250902 | G99: 259121 | H99: 270320 | I99: 271535 | J99: 269422 | K99: 268921 | L99: 275650 | M99: 278023 | N99: 267623 | O99: 269012 | P99: 3657540 | S99: P Onderwijs | T99: =B101/1000 -> 474.498 | U99: =C101/1000 -> 467.365 | V99: =D101/1000 -> 467.417 | W99: =E101/1000 -> 471.062 | X99: =F101/1000 -> 477.807 | Y99: =G101/1000 -> 482.801 | Z99: =H101/1000 -> 492.845 | AA99: =I101/1000 -> 501.036 | ... AG99: =O101/1000 -> 552.822
A100: 15 | B100: 479005 | C100: 476577 | D100: 471213 | E100: 466823 | F100: 464320 | G100: 469912 | H100: 478706 | I100: 492247 | J100: 508943 | K100: 526678 | L100: 542745 | M100: 567789 | N100: 595857 | O100: 619859 | P100: 7160674 | S100: Q Zorg & Welzijn | T100: =B102/1000 -> 1243.429 | U100: =C102/1000 -> 1225.199 | V100: =D102/1000 -> 1193.172 | W100: =E102/1000 -> 1168.702 | X100: =F102/1000 -> 1169.923 | Y100: =G102/1000 -> 1196.838 | Z100: =H102/1000 -> 1235.331 | AA100: =I102/1000 -> 1282.964 | ... AG100: =O102/1000 -> 1451.342
... A103: 18 | B103: 105691 | C103: 103474 | D103: 104438 | E103: 103875 | F103: 105815 | G103: 110096 | H103: 114189 | I103: 116598 | J103: 111644 | K103: 113318 | L103: 122991 | M103: 127383 | N103: 132180 | O103: 132895 | P103: 1604587 | S103: 78 Uitzend | T103: =B105/1000 -> 463.758 | U103: =C105/1000 -> 478.482 | V103: =D105/1000 -> 509.916 | W103: =E105/1000 -> 561.069 | X103: =F105/1000 -> 606.964 | Y103: =G105/1000 -> 649.141 | Z103: =H105/1000 -> 808.878 | AA103: =I105/1000 -> 754.777 | ... AG103: =O105/1000 -> 616.501
A104: 19 | B104: 127146 | C104: 122925 | D104: 119499 | E104: 115849 | F104: 117013 | G104: 119067 | H104: 122154 | I104: 123139 | J104: 121106 | K104: 119808 | L104: 117526 | M104: 118448 | N104: 119200 | O104: 121126 | P104: 1684006
A105: 78 | B105: 463758 | C105: 478482 | D105: 509916 | E105: 561069 | F105: 606964 | G105: 649141 | H105: 808878 | I105: 754777 | J105: 618851 | K105: 738376 | L105: 752766 | M105: 694022 | N105: 668581 | O105: 616501 | P105: 8922082 | S105: Totaal | T105: =B107/1000 -> 6988.782 | U105: =C107/1000 -> 6881.353 | V105: =D107/1000 -> 6865.753 | W105: =E107/1000 -> 6921.503 | X105: =F107/1000 -> 7039.106 | Y105: =G107/1000 -> 7214.202 | Z105: =H107/1000 -> 7620.677 | AA105: =I107/1000 -> 7712.394 | ... AG105: =O107/1000 -> 8197.42
T106: =SUM(T86:T103)=T105 -> TRUE | U106: =SUM(U86:U103)=U105 -> TRUE | V106: =SUM(V86:V103)=V105 -> TRUE | W106: =SUM(W86:W103)=W105 -> TRUE | X106: =SUM(X86:X103)=X105 -> TRUE | Y106: =SUM(Y86:Y103)=Y105 -> TRUE | Z106: =SUM(Z86:Z103)=Z105 -> TRUE | AA106: =SUM(AA86:AA103)=AA105 -> TRUE | ... AG106: =SUM(AG86:AG103)=AG105 -> TRUE
A107: Total | B107: 6988782 | C107: 6881353 | D107: 6865753 | E107: 6921503 | F107: 7039106 | G107: 7214202 | H107: 7620677 | I107: 7712394 | J107: 7619544 | K107: 7882821 | L107: 8075059 | M107: 8144388 | N107: 8188733 | O107: 8197420 | P107: 105351735

Sheet Figuur_7
A1: Via heatmaps
A3: Baanstarters (ref =2025)
C4: baan-baanwisselaars | D4: intersectoraal | E4: aandeel intersectoraal
B5: A Agrarisch | C5: =('T_B.3.1'!V8-'T_B.3.1'!U8)/1000 -> 13.717 | D5: =(Tabel_1!V6-Tabel_1!U6)/1000 -> 8.753 | E5: =D5/C5 -> 0.63811329
B6: C* Industrie | C6: =('T_B.3.1'!V9-'T_B.3.1'!U9)/1000 -> 87.112 | D6: =(Tabel_1!V7-Tabel_1!U7)/1000 -> 59.974 | E6: =D6/C6 -> 0.68847002
B7: D** Energie | C7: =('T_B.3.1'!V10-'T_B.3.1'!U10)/1000 -> 12.149 | D7: =(Tabel_1!V8-Tabel_1!U8)/1000 -> 10.815 | E7: =D7/C7 -> 0.89019672
B8: F Bouwnijverheid | C8: =('T_B.3.1'!V11-'T_B.3.1'!U11)/1000 -> 52.917 | D8: =(Tabel_1!V9-Tabel_1!U9)/1000 -> 32.191 | E8: =D8/C8 -> 0.60833003
B9: G Handel | C9: =('T_B.3.1'!V12-'T_B.3.1'!U12)/1000 -> 200.29 | D9: =(Tabel_1!V10-Tabel_1!U10)/1000 -> 102.2 | E9: =D9/C9 -> 0.51026012
B10: H Vervoer & Logistiek | C10: =('T_B.3.1'!V13-'T_B.3.1'!U13)/1000 -> 57.062 | D10: =(Tabel_1!V11-Tabel_1!U11)/1000 -> 37.268 | E10: =D10/C10 -> 0.65311416
B11: I Horeca | C11: =('T_B.3.1'!V14-'T_B.3.1'!U14)/1000 -> 111.282 | D11: =(Tabel_1!V12-Tabel_1!U12)/1000 -> 55.661 | E11: =D11/C11 -> 0.50017972
B12: J Media & ICT | C12: =('T_B.3.1'!V15-'T_B.3.1'!U15)/1000 -> 43.301 | D12: =(Tabel_1!V13-Tabel_1!U13)/1000 -> 25.95 | E12: =D12/C12 -> 0.59929332
B13: K Financieel | C13: =('T_B.3.1'!V16-'T_B.3.1'!U16)/1000 -> 42.058 | D13: =(Tabel_1!V14-Tabel_1!U14)/1000 -> 16.795 | E13: =D13/C13 -> 0.3993295
B14: L Onroerend goed | C14: =('T_B.3.1'!V17-'T_B.3.1'!U17)/1000 -> 11.09 | D14: =(Tabel_1!V15-Tabel_1!U15)/1000 -> 8.802 | E14: =D14/C14 -> 0.79368801
B15: M Zakelijk | C15: =('T_B.3.1'!V18-'T_B.3.1'!U18)/1000 -> 91.421 | D15: =(Tabel_1!V16-Tabel_1!U16)/1000 -> 59.224 | E15: =D15/C15 -> 0.64781615
B16: N Facilitair | C16: =('T_B.3.1'!V19-'T_B.3.1'!U19)/1000 -> 49.191 | D16: =(Tabel_1!V17-Tabel_1!U17)/1000 -> 33.838 | E16: =D16/C16 -> 0.68789006
... B24: Totaal | C24: =('T_B.3.1'!V27-'T_B.3.1'!U27)/1000 -> 1316.475 | D24: =(Tabel_1!V25-Tabel_1!U25)/1000 -> 744.305 | E24: =D24/C24 -> 0.56537724
A28: Via heatmaps
A30: Baanbeindigers(ref =2024)
C31: baan-baanwisselaars | D31: intersectoraal | E31: aandeel intersectoraal
B32: A Agrarisch | C32: =Figuur_5!AG32 -> 14.985 | D32: =(Tabel_2!V6-Tabel_2!U6)/1000 -> 10.021 | E32: =D32/C32 -> 0.6687354
B33: C* Industrie | C33: =Figuur_5!AG33 -> 73.088 | D33: =(Tabel_2!V7-Tabel_2!U7)/1000 -> 45.95 | E33: =D33/C33 -> 0.62869418
B34: D** Energie | C34: =Figuur_5!AG34 -> 7.525 | D34: =(Tabel_2!V8-Tabel_2!U8)/1000 -> 6.191 | E34: =D34/C34 -> 0.82272425
B35: F Bouwnijverheid | C35: =Figuur_5!AG35 -> 40.9 | D35: =(Tabel_2!V9-Tabel_2!U9)/1000 -> 20.174 | E35: =D35/C35 -> 0.49325183
B36: G Handel | C36: =Figuur_5!AG36 -> 256.899 | D36: =(Tabel_2!V10-Tabel_2!U10)/1000 -> 158.809 | E36: =D36/C36 -> 0.61817679
B37: H Vervoer & Logistiek | C37: =Figuur_5!AG37 -> 47.866 | D37: =(Tabel_2!V11-Tabel_2!U11)/1000 -> 28.072 | E37: =D37/C37 -> 0.58647056
B38: I Horeca | C38: =Figuur_5!AG38 -> 139.556 | D38: =(Tabel_2!V12-Tabel_2!U12)/1000 -> 83.935 | E38: =D38/C38 -> 0.60144315
B39: J Media & ICT | C39: =Figuur_5!AG39 -> 46.011 | D39: =(Tabel_2!V13-Tabel_2!U13)/1000 -> 28.66 | E39: =D39/C39 -> 0.62289453
B40: K Financieel | C40: =Figuur_5!AG40 -> 35.776 | D40: =(Tabel_2!V14-Tabel_2!U14)/1000 -> 10.513 | E40: =D40/C40 -> 0.29385622
B41: L Onroerend goed | C41: =Figuur_5!AG41 -> 7.862 | D41: =(Tabel_2!V15-Tabel_2!U15)/1000 -> 5.574 | E41: =D41/C41 -> 0.7089799
B42: M Zakelijk | C42: =Figuur_5!AG42 -> 85.583 | D42: =(Tabel_2!V16-Tabel_2!U16)/1000 -> 53.386 | E42: =D42/C42 -> 0.62379211
B43: N Facilitair | C43: =Figuur_5!AG43 -> 47.66 | D43: =(Tabel_2!V17-Tabel_2!U17)/1000 -> 32.307 | E43: =D43/C43 -> 0.67786404
... B51: Totaal | C51: =Figuur_5!AG51 -> 1316.475 | D51: =(Tabel_2!V25-Tabel_2!U25)/1000 -> 744.305 | E51: =D51/C51 -> 0.56537724
B57: TBV FIGUUR
D59: Intersectorale baan-baan-wisselaars | instromend | E59: Intersectorale baan-baan-wisselaars | uitstromend
C60: A Agrarisch | D60: =E5 -> 0.63811329 | E60: =E32 -> 0.6687354
C61: C* Industrie | D61: =E6 -> 0.68847002 | E61: =E33 -> 0.62869418
C62: D** Energie | D62: =E7 -> 0.89019672 | E62: =E34 -> 0.82272425
C63: F Bouwnijverheid | D63: =E8 -> 0.60833003 | E63: =E35 -> 0.49325183
C64: G Handel | D64: =E9 -> 0.51026012 | E64: =E36 -> 0.61817679
C65: H Vervoer & Logistiek | D65: =E10 -> 0.65311416 | E65: =E37 -> 0.58647056
C66: I Horeca | D66: =E11 -> 0.50017972 | E66: =E38 -> 0.60144315
C67: J Media & ICT | D67: =E12 -> 0.59929332 | E67: =E39 -> 0.62289453
C68: K Financieel | D68: =E13 -> 0.3993295 | E68: =E40 -> 0.29385622
C69: L Onroerend goed | D69: =E14 -> 0.79368801 | E69: =E41 -> 0.7089799
C70: M Zakelijk | D70: =E15 -> 0.64781615 | E70: =E42 -> 0.62379211
C71: N Facilitair | D71: =E16 -> 0.68789006 | E71: =E43 -> 0.67786404
... C79: Totaal | D79: =E24 -> 0.56537724 | E79: =E51 -> 0.56537724

Sheet Figuur_Box
A2: tab ebbwrktstopred1 ebbafljaar if rinpersoons!="E" & inrange(ebbafllft,15,74) & ebbstkpeilingnummer!=1 & ebbaflbbint==1 & ebbwrktzelfwrk1<7 & ebbwrktzelfwrk==2 [iw=ebbgewjaargewichta/1000], mi
C4: 2021 | D4: 2022 | E4: 2023 | F4: 2024 | G4: Total
B6: Einde tijdelijk contr | C6: 22.459844 | D6: 38.371185 | E6: 33.968347 | F6: 31.774461 | G6: 126.57
B7: Bedrijf ging failliet | C7: 1.8436972 | D7: 3.2173849 | E7: 5.2204665 | F7: 4.6808654 | G7: 14.96
B8: Bezuinigingen, reorga | C8: 5.7889329 | D8: 8.560339 | E8: 11.717395 | F8: 11.872035 | G8: 37.94
B9: Wilde zelf een nieuwe | C9: 99.716058 | D9: 179.00238 | E9: 167.00309 | F9: 149.7735 | G9: 595.5
B10: Hoge leeftijd of pens | C10: 2.2495501 | D10: 2.2114783 | E10: 3.6755786 | F10: 2.8777409 | G10: 11.01
B11: Opleiding, school of | C11: 17.261587 | D11: 24.487027 | E11: 23.997542 | F11: 25.19237 | G11: 90.94
B12: Ziekte of arbeidsonge | C12: 1.9003686 | D12: 2.3098129 | E12: 2.9253201 | F12: 3.6151379 | G12: 10.75
B13: Zorg voor familie of | C13: 0.37346246 | D13: 1.9255445 | E13: 1.8882984 | F13: 0.72727138 | G13: 4.91
B14: Andere familie- of ge
B15: Een andere reden | C15: 29.6799 | D15: 58.049703 | E15: 54.916262 | F15: 51.628691 | G15: 194.27
B16: Niet van toepassing | C16: 10.807191 | D16: 23.214778 | E16: 19.200491 | F16: 22.084503 | G16: 75.31
B17: Weigert | C17: 1.8332307 | D17: 2.8258705 | E17: 3.8289113 | F17: 6.2243396 | G17: 14.71
B18: Onbekend
B20: Total | C20: 193.97994 | D20: 344.9811 | E20: 329.42287 | F20: 311.20135 | G20: 1179.59
B23: TBV FIGUUR
C26: 2021 | D26: 2022 | E26: 2023 | F26: 2024 | G26: Totaal
B27: Wilde zelf een nieuwe baan | C27: =C9 -> 99.716058 | D27: =D9 -> 179.00238 | E27: =E9 -> 167.00309 | F27: =F9 -> 149.7735 | G27: =G9 -> 595.5
B28: Einde tijdelijk contract | C28: =C6 -> 22.459844 | D28: =D6 -> 38.371185 | E28: =E6 -> 33.968347 | F28: =F6 -> 31.774461 | G28: =G6 -> 126.57
B29: Faillissement of reorganisatie | C29: =C7+C8 -> 7.6326301 | D29: =D7+D8 -> 11.777724 | E29: =E7+E8 -> 16.937862 | F29: =F7+F8 -> 16.552901 | G29: =G7+G8 -> 52.9
B30: Opleiding | C30: =C11 -> 17.261587 | D30: =D11 -> 24.487027 | E30: =E11 -> 23.997542 | F30: =F11 -> 25.19237 | G30: =G11 -> 90.94
B31: Hoge leeftijd of pensioen | C31: =C10 -> 2.2495501 | D31: =D10 -> 2.2114783 | E31: =E10 -> 3.6755786 | F31: =F10 -> 2.8777409 | G31: =G10 -> 11.01
B32: Ziekte | C32: =C12 -> 1.9003686 | D32: =D12 -> 2.3098129 | E32: =E12 -> 2.9253201 | F32: =F12 -> 3.6151379 | G32: =G12 -> 10.75
B33: Zorgtaken | C33: =C13 -> 0.37346246 | D33: =D13 -> 1.9255445 | E33: =E13 -> 1.8882984 | F33: =F13 -> 0.72727138 | G33: =G13 -> 4.91
B34: Andere reden | C34: =C15 -> 29.6799 | D34: =D15 -> 58.049703 | E34: =E15 -> 54.916262 | F34: =F15 -> 51.628691 | G34: =G15 -> 194.27
C38: 2021 | D38: 2022 | E38: 2023 | F38: 2024 | G38: Totaal
B39: Wilde zelf een nieuwe baan | C39: =C27/SUM(C$27:C$34) -> 0.55008654 | D39: =D27/SUM(D$27:D$34) -> 0.56266196 | E39: =E27/SUM(E$27:E$34) -> 0.54699103 | F39: =F27/SUM(F$27:F$34) -> 0.53084426 | G39: =G27/SUM(G$27:G$34) -> 0.5479137
B40: Einde tijdelijk contract | C40: =C28/SUM(C$27:C$34) -> 0.12390039 | D40: =D28/SUM(D$27:D$34) -> 0.12061296 | E40: =E28/SUM(E$27:E$34) -> 0.11125771 | F40: =F28/SUM(F$27:F$34) -> 0.11261866 | G40: =G28/SUM(G$27:G$34) -> 0.11645581
B41: Faillissement of reorganisatie | C41: =C29/SUM(C$27:C$34) -> 0.042105627 | D41: =D29/SUM(D$27:D$34) -> 0.037021168 | E41: =E29/SUM(E$27:E$34) -> 0.055477167 | F41: =F29/SUM(F$27:F$34) -> 0.058668671 | G41: =G29/SUM(G$27:G$34) -> 0.04867277
B42: Opleiding | C42: =C30/SUM(C$27:C$34) -> 0.095224048 | D42: =D30/SUM(D$27:D$34) -> 0.076970589 | E42: =E30/SUM(E$27:E$34) -> 0.078599984 | F42: =F30/SUM(F$27:F$34) -> 0.089289661 | G42: =G30/SUM(G$27:G$34) -> 0.083673
B43: Hoge leeftijd of pensioen | C43: =C31/SUM(C$27:C$34) -> 0.012409709 | D43: =D31/SUM(D$27:D$34) -> 0.0069513864 | E43: =E31/SUM(E$27:E$34) -> 0.01203875 | F43: =F31/SUM(F$27:F$34) -> 0.010199616 | G43: =G31/SUM(G$27:G$34) -> 0.010130193
B44: Ziekte | C44: =C32/SUM(C$27:C$34) -> 0.010483439 | D44: =D32/SUM(D$27:D$34) -> 0.0072604836 | E44: =E32/SUM(E$27:E$34) -> 0.0095814027 | F44: =F32/SUM(F$27:F$34) -> 0.012813183 | G44: =G32/SUM(G$27:G$34) -> 0.0098909693
B45: Zorgtaken | C45: =C33/SUM(C$27:C$34) -> 0.0020602165 | D45: =D33/SUM(D$27:D$34) -> 0.0060526047 | E45: =E33/SUM(E$27:E$34) -> 0.0061848095 | F45: =F33/SUM(F$27:F$34) -> 0.0025776779 | G45: =G33/SUM(G$27:G$34) -> 0.0045176427
B46: Andere reden | C46: =C34/SUM(C$27:C$34) -> 0.16373003 | D46: =D34/SUM(D$27:D$34) -> 0.18246886 | E46: =E34/SUM(E$27:E$34) -> 0.17986914 | F46: =F34/SUM(F$27:F$34) -> 0.18298827 | G46: =G34/SUM(G$27:G$34) -> 0.17874592

Sheet Tabel_1
A1: ALLEEN INTERSECTORAAL | C1: table sbi_new2 sbi_missing2 if hoofdbaan_new!=. & switch_beid_missing==1 & year==2024 & within_sbi!=1, row col mi
C3: A Agrarisch | D3: C Industrie | E3: D Energie | F3: F Bouw | G3: G Handel | H3: H Logistiek | I3: I Horeca | J3: J Media & ICT | K3: K Financieel | L3: L Onroerend goed | M3: M Zakelijk | N3: N Facilitair (excl. 78) | O3: O Overheid | P3: P Onderwijs | Q3: Q Zorg | R3: R Cultuur & Recreatie | S3: S Overige diensten | T3: 78 Uitzend | U3: instroom niet-werknemer | V3: .
C4: 1 | D4: 3 | E4: 4 | F4: 6 | G4: 7 | H4: 8 | I4: 9 | J4: 10 | K4: 11 | L4: 12 | M4: 13 | N4: 14 | O4: 15 | P4: 16 | Q4: 17 | R4: 18 | S4: 19 | T4: 78 | U4: 999 | V4: Total | Y4: A Agrarisch | Z4: C Industrie | AA4: D Energie | AB4: F Bouw | AC4: G Handel | AD4: H Logistiek | AE4: I Horeca | AF4: J Media & ICT | AG4: K Financieel | AH4: L Onroerend goed | AI4: M Zakelijk | AJ4: N Facilitair (excl. 78) | AK4: O Overheid | AL4: P Onderwijs | AM4: Q Zorg | AN4: R Cultuur & Recreatie | AO4: S Overige diensten | AP4: 78 Uitzend
Y5: A | Z5: C | AA5: D | AB5: F | AC5: G | AD5: H | AE5: I | AF5: J | AG5: K | AH5: L | AI5: M | AJ5: N | AK5: O | AL5: P | AM5: Q | AN5: R | AO5: S | AP5: 78 | AQ5: Uitstroom | AR5: Total | AV5: A | AW5: C* | AX5: D** | AY5: F | AZ5: G | BA5: H | BB5: I | BC5: J | BD5: K | BE5: L | BF5: M | BG5: N | BH5: O | BI5: P | BJ5: Q | BK5: R | BL5: S | BM5: 78
A6: A Agrarisch | B6: 1 | D6: 549 | E6: 57 | F6: 450 | G6: 1882 | H6: 461 | I6: 553 | J6: 77 | K6: 47 | L6: 26 | M6: 396 | N6: 394 | O6: 66 | P6: 122 | Q6: 391 | R6: 144 | S6: 75 | T6: 3063 | U6: 11256 | V6: 20009 | X6: A Agrarisch | Y6: =IFERROR(C6/1000,"") -> 0 | Z6: =IFERROR(D6/1000,"") -> 0.549 | AA6: =IFERROR(E6/1000,"") -> 0.057 | AB6: =IFERROR(F6/1000,"") -> 0.45 | AC6: =IFERROR(G6/1000,"") -> 1.882 | AD6: =IFERROR(H6/1000,"") -> 0.461 | AE6: =IFERROR(I6/1000,"") -> 0.553 | AF6: =IFERROR(J6/1000,"") -> 0.077 | ... AR6: =IFERROR(V6/1000,"") -> 20.009 | AU6: A Agrarisch | AW6: =IFERROR(IF(Z6>0,Z6,"x")/SUM($Y6:$AP6),"")*100 -> 6.2721353 | AX6: =IFERROR(IF(AA6>0,AA6,"x")/SUM($Y6:$AP6),"")*100 -> 0.6512053 | AY6: =IFERROR(IF(AB6>0,AB6,"x")/SUM($Y6:$AP6),"")*100 -> 5.1410945 | AZ6: =IFERROR(IF(AC6>0,AC6,"x")/SUM($Y6:$AP6),"")*100 -> 21.5012 | BA6: =IFERROR(IF(AD6>0,AD6,"x")/SUM($Y6:$AP6),"")*100 -> 5.2667657 | BB6: =IFERROR(IF(AE6>0,AE6,"x")/SUM($Y6:$AP6),"")*100 -> 6.3178339 | BC6: =IFERROR(IF(AF6>0,AF6,"x")/SUM($Y6:$AP6),"")*100 -> 0.87969839 | BD6: =IFERROR(IF(AG6>0,AG6,"x")/SUM($Y6:$AP6),"")*100 -> 0.53695876 | ... BM6: =IFERROR(IF(AP6>0,AP6,"x")/SUM($Y6:$AP6),"")*100 -> 34.993716
A7: C Industrie | B7: 3 | C7: 758 | D7: 343 | E7: 471 | F7: 2718 | G7: 14611 | H7: 2407 | I7: 3396 | J7: 1738 | K7: 415 | L7: 215 | M7: 5997 | N7: 1727 | O7: 499 | P7: 918 | Q7: 1581 | R7: 567 | S7: 545 | T7: 21068 | U7: 29840 | V7: 89814 | X7: C Industrie | Y7: =IFERROR(C7/1000,"") -> 0.758 | Z7: =IFERROR(D7/1000,"") -> 0.343 | AA7: =IFERROR(E7/1000,"") -> 0.471 | AB7: =IFERROR(F7/1000,"") -> 2.718 | AC7: =IFERROR(G7/1000,"") -> 14.611 | AD7: =IFERROR(H7/1000,"") -> 2.407 | AE7: =IFERROR(I7/1000,"") -> 3.396 | AF7: =IFERROR(J7/1000,"") -> 1.738 | ... AR7: =IFERROR(V7/1000,"") -> 89.814 | AU7: C* Industrie | AV7: =IFERROR(IF(Y7>0,Y7,"x")/SUM($Y7:$AP7),"")*100 -> 1.263881 | AX7: =IFERROR(IF(AA7>0,AA7,"x")/SUM($Y7:$AP7),"")*100 -> 0.78534031 | AY7: =IFERROR(IF(AB7>0,AB7,"x")/SUM($Y7:$AP7),"")*100 -> 4.5319639 | AZ7: =IFERROR(IF(AC7>0,AC7,"x")/SUM($Y7:$AP7),"")*100 -> 24.362224 | BA7: =IFERROR(IF(AD7>0,AD7,"x")/SUM($Y7:$AP7),"")*100 -> 4.0134058 | BB7: =IFERROR(IF(AE7>0,AE7,"x")/SUM($Y7:$AP7),"")*100 -> 5.6624537 | BC7: =IFERROR(IF(AF7>0,AF7,"x")/SUM($Y7:$AP7),"")*100 -> 2.8979224 | BD7: =IFERROR(IF(AG7>0,AG7,"x")/SUM($Y7:$AP7),"")*100 -> 0.69196652 | BE7: =IFERROR(IF(AH7>0,AH7,"x")/SUM($Y7:$AP7),"")*100 -> 0.35848868 | ... BM7: =IFERROR(IF(AP7>0,AP7,"x")/SUM($Y7:$AP7),"")*100 -> 35.128556
A8: D Energie | B8: 4 | C8: 88 | D8: 1043 | E8: 94 | F8: 757 | G8: 1426 | H8: 732 | I8: 206 | J8: 770 | K8: 186 | L8: 49 | M8: 1608 | N8: 418 | O8: 331 | P8: 203 | Q8: 220 | R8: 67 | S8: 85 | T8: 2532 | U8: 3059 | V8: 13874 | X8: D Energie | Y8: =IFERROR(C8/1000,"") -> 0.088 | Z8: =IFERROR(D8/1000,"") -> 1.043 | AA8: =IFERROR(E8/1000,"") -> 0.094 | AB8: =IFERROR(F8/1000,"") -> 0.757 | AC8: =IFERROR(G8/1000,"") -> 1.426 | AD8: =IFERROR(H8/1000,"") -> 0.732 | AE8: =IFERROR(I8/1000,"") -> 0.206 | AF8: =IFERROR(J8/1000,"") -> 0.77 | ... AR8: =IFERROR(V8/1000,"") -> 13.874 | AU8: D** Energie | AV8: =IFERROR(IF(Y8>0,Y8,"x")/SUM($Y8:$AP8),"")*100 -> 0.8136847 | AW8: =IFERROR(IF(Z8>0,Z8,"x")/SUM($Y8:$AP8),"")*100 -> 9.6440129 | AY8: =IFERROR(IF(AB8>0,AB8,"x")/SUM($Y8:$AP8),"")*100 -> 6.9995377 | AZ8: =IFERROR(IF(AC8>0,AC8,"x")/SUM($Y8:$AP8),"")*100 -> 13.185391 | BA8: =IFERROR(IF(AD8>0,AD8,"x")/SUM($Y8:$AP8),"")*100 -> 6.7683773 | BB8: =IFERROR(IF(AE8>0,AE8,"x")/SUM($Y8:$AP8),"")*100 -> 1.9047619 | BC8: =IFERROR(IF(AF8>0,AF8,"x")/SUM($Y8:$AP8),"")*100 -> 7.1197411 | BD8: =IFERROR(IF(AG8>0,AG8,"x")/SUM($Y8:$AP8),"")*100 -> 1.7198336 | BE8: =IFERROR(IF(AH8>0,AH8,"x")/SUM($Y8:$AP8),"")*100 -> 0.45307443 | BF8: =IFERROR(IF(AI8>0,AI8,"x")/SUM($Y8:$AP8),"")*100 -> 14.868239 | ... BM8: =IFERROR(IF(AP8>0,AP8,"x")/SUM($Y8:$AP8),"")*100 -> 23.411928
A9: F Bouw | B9: 6 | C9: 707 | D9: 3550 | E9: 566 | G9: 6042 | H9: 1393 | I9: 1813 | J9: 819 | K9: 200 | L9: 421 | M9: 2798 | N9: 1796 | O9: 309 | P9: 1973 | Q9: 826 | R9: 338 | S9: 475 | T9: 8165 | U9: 20200 | V9: 52391 | X9: F Bouwnijverheid | Y9: =IFERROR(C9/1000,"") -> 0.707 | Z9: =IFERROR(D9/1000,"") -> 3.55 | AA9: =IFERROR(E9/1000,"") -> 0.566 | AB9: =IFERROR(F9/1000,"") -> 0 | AC9: =IFERROR(G9/1000,"") -> 6.042 | AD9: =IFERROR(H9/1000,"") -> 1.393 | AE9: =IFERROR(I9/1000,"") -> 1.813 | AF9: =IFERROR(J9/1000,"") -> 0.819 | ... AR9: =IFERROR(V9/1000,"") -> 52.391 | AU9: F Bouwnijverheid | AV9: =IFERROR(IF(Y9>0,Y9,"x")/SUM($Y9:$AP9),"")*100 -> 2.196266 | AW9: =IFERROR(IF(Z9>0,Z9,"x")/SUM($Y9:$AP9),"")*100 -> 11.027927 | AX9: =IFERROR(IF(AA9>0,AA9,"x")/SUM($Y9:$AP9),"")*100 -> 1.7582554 | AZ9: =IFERROR(IF(AC9>0,AC9,"x")/SUM($Y9:$AP9),"")*100 -> 18.769221 | BA9: =IFERROR(IF(AD9>0,AD9,"x")/SUM($Y9:$AP9),"")*100 -> 4.3272964 | BB9: =IFERROR(IF(AE9>0,AE9,"x")/SUM($Y9:$AP9),"")*100 -> 5.6320089 | BC9: =IFERROR(IF(AF9>0,AF9,"x")/SUM($Y9:$AP9),"")*100 -> 2.5441894 | BD9: =IFERROR(IF(AG9>0,AG9,"x")/SUM($Y9:$AP9),"")*100 -> 0.62129167 | BE9: =IFERROR(IF(AH9>0,AH9,"x")/SUM($Y9:$AP9),"")*100 -> 1.307819 | BF9: =IFERROR(IF(AI9>0,AI9,"x")/SUM($Y9:$AP9),"")*100 -> 8.6918704 | BG9: =IFERROR(IF(AJ9>0,AJ9,"x")/SUM($Y9:$AP9),"")*100 -> 5.5791992 | ... BM9: =IFERROR(IF(AP9>0,AP9,"x")/SUM($Y9:$AP9),"")*100 -> 25.364232
A10: G Handel | B10: 7 | C10: 2260 | D10: 10763 | E10: 625 | F10: 3039 | H10: 6120 | I10: 20288 | J10: 4297 | K10: 931 | L10: 588 | M10: 7172 | N10: 5193 | O10: 730 | P10: 1907 | Q10: 7186 | R10: 3339 | S10: 1763 | T10: 25999 | U10: 134249 | V10: 236449 | X10: G Handel | Y10: =IFERROR(C10/1000,"") -> 2.26 | Z10: =IFERROR(D10/1000,"") -> 10.763 | AA10: =IFERROR(E10/1000,"") -> 0.625 | AB10: =IFERROR(F10/1000,"") -> 3.039 | AC10: =IFERROR(G10/1000,"") -> 0 | AD10: =IFERROR(H10/1000,"") -> 6.12 | AE10: =IFERROR(I10/1000,"") -> 20.288 | AF10: =IFERROR(J10/1000,"") -> 4.297 | ... AR10: =IFERROR(V10/1000,"") -> 236.449 | AU10: G Handel | AV10: =IFERROR(IF(Y10>0,Y10,"x")/SUM($Y10:$AP10),"")*100 -> 2.2113503 | AW10: =IFERROR(IF(Z10>0,Z10,"x")/SUM($Y10:$AP10),"")*100 -> 10.531311 | AX10: =IFERROR(IF(AA10>0,AA10,"x")/SUM($Y10:$AP10),"")*100 -> 0.61154599 | AY10: =IFERROR(IF(AB10>0,AB10,"x")/SUM($Y10:$AP10),"")*100 -> 2.9735812 | BA10: =IFERROR(IF(AD10>0,AD10,"x")/SUM($Y10:$AP10),"")*100 -> 5.9882583 | BB10: =IFERROR(IF(AE10>0,AE10,"x")/SUM($Y10:$AP10),"")*100 -> 19.851272 | BC10: =IFERROR(IF(AF10>0,AF10,"x")/SUM($Y10:$AP10),"")*100 -> 4.204501 | BD10: =IFERROR(IF(AG10>0,AG10,"x")/SUM($Y10:$AP10),"")*100 -> 0.9109589 | BE10: =IFERROR(IF(AH10>0,AH10,"x")/SUM($Y10:$AP10),"")*100 -> 0.57534247 | BF10: =IFERROR(IF(AI10>0,AI10,"x")/SUM($Y10:$AP10),"")*100 -> 7.0176125 | BG10: =IFERROR(IF(AJ10>0,AJ10,"x")/SUM($Y10:$AP10),"")*100 -> 5.0812133 | BH10: =IFERROR(IF(AK10>0,AK10,"x")/SUM($Y10:$AP10),"")*100 -> 0.71428571 | ... BM10: =IFERROR(IF(AP10>0,AP10,"x")/SUM($Y10:$AP10),"")*100 -> 25.439335
A11: H Logistiek | B11: 8 | C11: 435 | D11: 2284 | E11: 418 | F11: 1210 | G11: 8053 | I11: 3024 | J11: 1024 | K11: 256 | L11: 133 | M11: 2304 | N11: 1664 | O11: 517 | P11: 451 | Q11: 1179 | R11: 549 | S11: 446 | T11: 13321 | U11: 23821 | V11: 61089 | X11: H Vervoer & Logistiek | Y11: =IFERROR(C11/1000,"") -> 0.435 | Z11: =IFERROR(D11/1000,"") -> 2.284 | AA11: =IFERROR(E11/1000,"") -> 0.418 | AB11: =IFERROR(F11/1000,"") -> 1.21 | AC11: =IFERROR(G11/1000,"") -> 8.053 | AD11: =IFERROR(H11/1000,"") -> 0 | AE11: =IFERROR(I11/1000,"") -> 3.024 | AF11: =IFERROR(J11/1000,"") -> 1.024 | ... AR11: =IFERROR(V11/1000,"") -> 61.089 | AU11: H Vervoer & Logistiek | AV11: =IFERROR(IF(Y11>0,Y11,"x")/SUM($Y11:$AP11),"")*100 -> 1.1672212 | AW11: =IFERROR(IF(Z11>0,Z11,"x")/SUM($Y11:$AP11),"")*100 -> 6.1285822 | AX11: =IFERROR(IF(AA11>0,AA11,"x")/SUM($Y11:$AP11),"")*100 -> 1.1216057 | AY11: =IFERROR(IF(AB11>0,AB11,"x")/SUM($Y11:$AP11),"")*100 -> 3.2467532 | AZ11: =IFERROR(IF(AC11>0,AC11,"x")/SUM($Y11:$AP11),"")*100 -> 21.60835 | BB11: =IFERROR(IF(AE11>0,AE11,"x")/SUM($Y11:$AP11),"")*100 -> 8.1141998 | BC11: =IFERROR(IF(AF11>0,AF11,"x")/SUM($Y11:$AP11),"")*100 -> 2.7476656 | BD11: =IFERROR(IF(AG11>0,AG11,"x")/SUM($Y11:$AP11),"")*100 -> 0.68691639 | BE11: =IFERROR(IF(AH11>0,AH11,"x")/SUM($Y11:$AP11),"")*100 -> 0.35687453 | BF11: =IFERROR(IF(AI11>0,AI11,"x")/SUM($Y11:$AP11),"")*100 -> 6.1822475 | BG11: =IFERROR(IF(AJ11>0,AJ11,"x")/SUM($Y11:$AP11),"")*100 -> 4.4649565 | BH11: =IFERROR(IF(AK11>0,AK11,"x")/SUM($Y11:$AP11),"")*100 -> 1.3872491 | BI11: =IFERROR(IF(AL11>0,AL11,"x")/SUM($Y11:$AP11),"")*100 -> 1.2101535 | ... BM11: =IFERROR(IF(AP11>0,AP11,"x")/SUM($Y11:$AP11),"")*100 -> 35.743802
A12: I Horeca | B12: 9 | C12: 552 | D12: 1925 | E12: 84 | F12: 485 | G12: 25630 | H12: 1120 | J12: 755 | K12: 244 | L12: 352 | M12: 1680 | N12: 2466 | O12: 214 | P12: 836 | Q12: 3291 | R12: 2914 | S12: 740 | T12: 12373 | U12: 78692 | V12: 134353 | X12: I Horeca | Y12: =IFERROR(C12/1000,"") -> 0.552 | Z12: =IFERROR(D12/1000,"") -> 1.925 | AA12: =IFERROR(E12/1000,"") -> 0.084 | AB12: =IFERROR(F12/1000,"") -> 0.485 | AC12: =IFERROR(G12/1000,"") -> 25.63 | AD12: =IFERROR(H12/1000,"") -> 1.12 | AE12: =IFERROR(I12/1000,"") -> 0 | AF12: =IFERROR(J12/1000,"") -> 0.755 | ... AR12: =IFERROR(V12/1000,"") -> 134.353 | AU12: I Horeca | AV12: =IFERROR(IF(Y12>0,Y12,"x")/SUM($Y12:$AP12),"")*100 -> 0.99171772 | AW12: =IFERROR(IF(Z12>0,Z12,"x")/SUM($Y12:$AP12),"")*100 -> 3.4584359 | AX12: =IFERROR(IF(AA12>0,AA12,"x")/SUM($Y12:$AP12),"")*100 -> 0.15091357 | AY12: =IFERROR(IF(AB12>0,AB12,"x")/SUM($Y12:$AP12),"")*100 -> 0.87134618 | AZ12: =IFERROR(IF(AC12>0,AC12,"x")/SUM($Y12:$AP12),"")*100 -> 46.046604 | BA12: =IFERROR(IF(AD12>0,AD12,"x")/SUM($Y12:$AP12),"")*100 -> 2.0121809 | BC12: =IFERROR(IF(AF12>0,AF12,"x")/SUM($Y12:$AP12),"")*100 -> 1.3564255 | BD12: =IFERROR(IF(AG12>0,AG12,"x")/SUM($Y12:$AP12),"")*100 -> 0.43836798 | BE12: =IFERROR(IF(AH12>0,AH12,"x")/SUM($Y12:$AP12),"")*100 -> 0.63239971 | BF12: =IFERROR(IF(AI12>0,AI12,"x")/SUM($Y12:$AP12),"")*100 -> 3.0182713 | BG12: =IFERROR(IF(AJ12>0,AJ12,"x")/SUM($Y12:$AP12),"")*100 -> 4.4303911 | BH12: =IFERROR(IF(AK12>0,AK12,"x")/SUM($Y12:$AP12),"")*100 -> 0.38447028 | BI12: =IFERROR(IF(AL12>0,AL12,"x")/SUM($Y12:$AP12),"")*100 -> 1.5019493 | BJ12: =IFERROR(IF(AM12>0,AM12,"x")/SUM($Y12:$AP12),"")*100 -> 5.9125779 | ... BM12: =IFERROR(IF(AP12>0,AP12,"x")/SUM($Y12:$AP12),"")*100 -> 22.229209
A13: J Media & ICT | B13: 10 | C13: 97 | D13: 1285 | E13: 205 | F13: 427 | G13: 6017 | H13: 718 | I13: 1661 | K13: 873 | L13: 223 | M13: 4932 | N13: 1037 | O13: 435 | P13: 1023 | Q13: 1020 | R13: 661 | S13: 343 | T13: 4993 | U13: 19588 | V13: 45538 | X13: J Media & ICT | Y13: =IFERROR(C13/1000,"") -> 0.097 | Z13: =IFERROR(D13/1000,"") -> 1.285 | AA13: =IFERROR(E13/1000,"") -> 0.205 | AB13: =IFERROR(F13/1000,"") -> 0.427 | AC13: =IFERROR(G13/1000,"") -> 6.017 | AD13: =IFERROR(H13/1000,"") -> 0.718 | AE13: =IFERROR(I13/1000,"") -> 1.661 | AF13: =IFERROR(J13/1000,"") -> 0 | ... AR13: =IFERROR(V13/1000,"") -> 45.538 | AU13: J Media & ICT | AV13: =IFERROR(IF(Y13>0,Y13,"x")/SUM($Y13:$AP13),"")*100 -> 0.37379576 | AW13: =IFERROR(IF(Z13>0,Z13,"x")/SUM($Y13:$AP13),"")*100 -> 4.9518304 | AX13: =IFERROR(IF(AA13>0,AA13,"x")/SUM($Y13:$AP13),"")*100 -> 0.78998073 | AY13: =IFERROR(IF(AB13>0,AB13,"x")/SUM($Y13:$AP13),"")*100 -> 1.6454721 | AZ13: =IFERROR(IF(AC13>0,AC13,"x")/SUM($Y13:$AP13),"")*100 -> 23.186898 | BA13: =IFERROR(IF(AD13>0,AD13,"x")/SUM($Y13:$AP13),"")*100 -> 2.7668593 | BB13: =IFERROR(IF(AE13>0,AE13,"x")/SUM($Y13:$AP13),"")*100 -> 6.4007707 | BD13: =IFERROR(IF(AG13>0,AG13,"x")/SUM($Y13:$AP13),"")*100 -> 3.3641618 | BE13: =IFERROR(IF(AH13>0,AH13,"x")/SUM($Y13:$AP13),"")*100 -> 0.85934489 | BF13: =IFERROR(IF(AI13>0,AI13,"x")/SUM($Y13:$AP13),"")*100 -> 19.00578 | BG13: =IFERROR(IF(AJ13>0,AJ13,"x")/SUM($Y13:$AP13),"")*100 -> 3.9961464 | BH13: =IFERROR(IF(AK13>0,AK13,"x")/SUM($Y13:$AP13),"")*100 -> 1.6763006 | BI13: =IFERROR(IF(AL13>0,AL13,"x")/SUM($Y13:$AP13),"")*100 -> 3.9421965 | BJ13: =IFERROR(IF(AM13>0,AM13,"x")/SUM($Y13:$AP13),"")*100 -> 3.9306358 | BK13: =IFERROR(IF(AN13>0,AN13,"x")/SUM($Y13:$AP13),"")*100 -> 2.5472062 | ... BM13: =IFERROR(IF(AP13>0,AP13,"x")/SUM($Y13:$AP13),"")*100 -> 19.240848
A14: K Financieel | B14: 11 | C14: 64 | D14: 572 | E14: 122 | F14: 210 | G14: 2089 | H14: 339 | I14: 735 | J14: 2241 | L14: 289 | M14: 3667 | N14: 672 | O14: 278 | P14: 389 | Q14: 771 | R14: 211 | S14: 222 | T14: 3924 | U14: 7541 | V14: 24336 | X14: K Financieel | Y14: =IFERROR(C14/1000,"") -> 0.064 | Z14: =IFERROR(D14/1000,"") -> 0.572 | AA14: =IFERROR(E14/1000,"") -> 0.122 | AB14: =IFERROR(F14/1000,"") -> 0.21 | AC14: =IFERROR(G14/1000,"") -> 2.089 | AD14: =IFERROR(H14/1000,"") -> 0.339 | AE14: =IFERROR(I14/1000,"") -> 0.735 | AF14: =IFERROR(J14/1000,"") -> 2.241 | ... AR14: =IFERROR(V14/1000,"") -> 24.336 | AU14: K Financieel | AV14: =IFERROR(IF(Y14>0,Y14,"x")/SUM($Y14:$AP14),"")*100 -> 0.38106579 | AW14: =IFERROR(IF(Z14>0,Z14,"x")/SUM($Y14:$AP14),"")*100 -> 3.4057755 | AX14: =IFERROR(IF(AA14>0,AA14,"x")/SUM($Y14:$AP14),"")*100 -> 0.72640667 | AY14: =IFERROR(IF(AB14>0,AB14,"x")/SUM($Y14:$AP14),"")*100 -> 1.2503721 | AZ14: =IFERROR(IF(AC14>0,AC14,"x")/SUM($Y14:$AP14),"")*100 -> 12.438226 | BA14: =IFERROR(IF(AD14>0,AD14,"x")/SUM($Y14:$AP14),"")*100 -> 2.0184579 | BB14: =IFERROR(IF(AE14>0,AE14,"x")/SUM($Y14:$AP14),"")*100 -> 4.3763025 | BC14: =IFERROR(IF(AF14>0,AF14,"x")/SUM($Y14:$AP14),"")*100 -> 13.343257 | BE14: =IFERROR(IF(AH14>0,AH14,"x")/SUM($Y14:$AP14),"")*100 -> 1.7207502 | BF14: =IFERROR(IF(AI14>0,AI14,"x")/SUM($Y14:$AP14),"")*100 -> 21.833879 | BG14: =IFERROR(IF(AJ14>0,AJ14,"x")/SUM($Y14:$AP14),"")*100 -> 4.0011908 | BH14: =IFERROR(IF(AK14>0,AK14,"x")/SUM($Y14:$AP14),"")*100 -> 1.6552545 | BI14: =IFERROR(IF(AL14>0,AL14,"x")/SUM($Y14:$AP14),"")*100 -> 2.3161655 | BJ14: =IFERROR(IF(AM14>0,AM14,"x")/SUM($Y14:$AP14),"")*100 -> 4.590652 | BK14: =IFERROR(IF(AN14>0,AN14,"x")/SUM($Y14:$AP14),"")*100 -> 1.2563263 | BL14: =IFERROR(IF(AO14>0,AO14,"x")/SUM($Y14:$AP14),"")*100 -> 1.321822 | BM14: =IFERROR(IF(AP14>0,AP14,"x")/SUM($Y14:$AP14),"")*100 -> 23.364096
A15: L Onroerend goed | B15: 12 | C15: 43 | D15: 319 | E15: 57 | F15: 531 | G15: 1448 | H15: 282 | I15: 921 | J15: 309 | K15: 403 | M15: 1016 | N15: 403 | O15: 271 | P15: 223 | Q15: 791 | R15: 200 | S15: 165 | T15: 1420 | U15: 3689 | V15: 12491 | X15: L Onroerend goed | Y15: =IFERROR(C15/1000,"") -> 0.043 | Z15: =IFERROR(D15/1000,"") -> 0.319 | AA15: =IFERROR(E15/1000,"") -> 0.057 | AB15: =IFERROR(F15/1000,"") -> 0.531 | AC15: =IFERROR(G15/1000,"") -> 1.448 | AD15: =IFERROR(H15/1000,"") -> 0.282 | AE15: =IFERROR(I15/1000,"") -> 0.921 | AF15: =IFERROR(J15/1000,"") -> 0.309 | ... AR15: =IFERROR(V15/1000,"") -> 12.491 | AU15: L Onroerend goed | AV15: =IFERROR(IF(Y15>0,Y15,"x")/SUM($Y15:$AP15),"")*100 -> 0.48852534 | AW15: =IFERROR(IF(Z15>0,Z15,"x")/SUM($Y15:$AP15),"")*100 -> 3.6241763 | AX15: =IFERROR(IF(AA15>0,AA15,"x")/SUM($Y15:$AP15),"")*100 -> 0.6475801 | AY15: =IFERROR(IF(AB15>0,AB15,"x")/SUM($Y15:$AP15),"")*100 -> 6.0327198 | AZ15: =IFERROR(IF(AC15>0,AC15,"x")/SUM($Y15:$AP15),"")*100 -> 16.450807 | BA15: =IFERROR(IF(AD15>0,AD15,"x")/SUM($Y15:$AP15),"")*100 -> 3.2038173 | BB15: =IFERROR(IF(AE15>0,AE15,"x")/SUM($Y15:$AP15),"")*100 -> 10.463531 | BC15: =IFERROR(IF(AF15>0,AF15,"x")/SUM($Y15:$AP15),"")*100 -> 3.5105658 | BD15: =IFERROR(IF(AG15>0,AG15,"x")/SUM($Y15:$AP15),"")*100 -> 4.5785049 | BF15: =IFERROR(IF(AI15>0,AI15,"x")/SUM($Y15:$AP15),"")*100 -> 11.542831 | BG15: =IFERROR(IF(AJ15>0,AJ15,"x")/SUM($Y15:$AP15),"")*100 -> 4.5785049 | BH15: =IFERROR(IF(AK15>0,AK15,"x")/SUM($Y15:$AP15),"")*100 -> 3.0788457 | BI15: =IFERROR(IF(AL15>0,AL15,"x")/SUM($Y15:$AP15),"")*100 -> 2.5335151 | BJ15: =IFERROR(IF(AM15>0,AM15,"x")/SUM($Y15:$AP15),"")*100 -> 8.986594 | BK15: =IFERROR(IF(AN15>0,AN15,"x")/SUM($Y15:$AP15),"")*100 -> 2.2722109 | BL15: =IFERROR(IF(AO15>0,AO15,"x")/SUM($Y15:$AP15),"")*100 -> 1.874574 | BM15: =IFERROR(IF(AP15>0,AP15,"x")/SUM($Y15:$AP15),"")*100 -> 16.132697
A16: M Zakelijk | B16: 13 | C16: 596 | D16: 5816 | E16: 1022 | F16: 2455 | G16: 12257 | H16: 2069 | I16: 4647 | J16: 5002 | K16: 2484 | L16: 878 | N16: 2114 | O16: 1376 | P16: 2309 | Q16: 4058 | R16: 1243 | S16: 812 | T16: 10086 | U16: 37242 | V16: 96466 | X16: M Zakelijk | Y16: =IFERROR(C16/1000,"") -> 0.596 | Z16: =IFERROR(D16/1000,"") -> 5.816 | AA16: =IFERROR(E16/1000,"") -> 1.022 | AB16: =IFERROR(F16/1000,"") -> 2.455 | AC16: =IFERROR(G16/1000,"") -> 12.257 | AD16: =IFERROR(H16/1000,"") -> 2.069 | AE16: =IFERROR(I16/1000,"") -> 4.647 | AF16: =IFERROR(J16/1000,"") -> 5.002 | ... AR16: =IFERROR(V16/1000,"") -> 96.466 | AU16: M Zakelijk | AV16: =IFERROR(IF(Y16>0,Y16,"x")/SUM($Y16:$AP16),"")*100 -> 1.0063488 | AW16: =IFERROR(IF(Z16>0,Z16,"x")/SUM($Y16:$AP16),"")*100 -> 9.8203431 | AX16: =IFERROR(IF(AA16>0,AA16,"x")/SUM($Y16:$AP16),"")*100 -> 1.7256518 | AY16: =IFERROR(IF(AB16>0,AB16,"x")/SUM($Y16:$AP16),"")*100 -> 4.1452789 | AZ16: =IFERROR(IF(AC16>0,AC16,"x")/SUM($Y16:$AP16),"")*100 -> 20.696002 | BA16: =IFERROR(IF(AD16>0,AD16,"x")/SUM($Y16:$AP16),"")*100 -> 3.4935161 | BB16: =IFERROR(IF(AE16>0,AE16,"x")/SUM($Y16:$AP16),"")*100 -> 7.8464812 | BC16: =IFERROR(IF(AF16>0,AF16,"x")/SUM($Y16:$AP16),"")*100 -> 8.4459003 | ... BE16: =IFERROR(IF(AH16>0,AH16,"x")/SUM($Y16:$AP16),"")*100 -> 1.4825071 | BG16: =IFERROR(IF(AJ16>0,AJ16,"x")/SUM($Y16:$AP16),"")*100 -> 3.5694989 | BH16: =IFERROR(IF(AK16>0,AK16,"x")/SUM($Y16:$AP16),"")*100 -> 2.3233824 | BI16: =IFERROR(IF(AL16>0,AL16,"x")/SUM($Y16:$AP16),"")*100 -> 3.8987573 | BJ16: =IFERROR(IF(AM16>0,AM16,"x")/SUM($Y16:$AP16),"")*100 -> 6.8519519 | BK16: =IFERROR(IF(AN16>0,AN16,"x")/SUM($Y16:$AP16),"")*100 -> 2.0988113 | BL16: =IFERROR(IF(AO16>0,AO16,"x")/SUM($Y16:$AP16),"")*100 -> 1.3710658 | BM16: =IFERROR(IF(AP16>0,AP16,"x")/SUM($Y16:$AP16),"")*100 -> 17.030258
A17: N Facilitair (excl. 78) | B17: 14 | C17: 505 | D17: 1672 | E17: 251 | F17: 1076 | G17: 7339 | H17: 1608 | I17: 4450 | J17: 1051 | K17: 395 | L17: 179 | M17: 1679 | O17: 350 | P17: 495 | Q17: 2130 | R17: 1033 | S17: 542 | T17: 9083 | U17: 27571 | V17: 61409 | X17: N Facilitair | Y17: =IFERROR(C17/1000,"") -> 0.505 | Z17: =IFERROR(D17/1000,"") -> 1.672 | AA17: =IFERROR(E17/1000,"") -> 0.251 | AB17: =IFERROR(F17/1000,"") -> 1.076 | AC17: =IFERROR(G17/1000,"") -> 7.339 | AD17: =IFERROR(H17/1000,"") -> 1.608 | AE17: =IFERROR(I17/1000,"") -> 4.45 | AF17: =IFERROR(J17/1000,"") -> 1.051 | ... AR17: =IFERROR(V17/1000,"") -> 61.409 | AU17: N Facilitair | AV17: =IFERROR(IF(Y17>0,Y17,"x")/SUM($Y17:$AP17),"")*100 -> 1.492405 | AW17: =IFERROR(IF(Z17>0,Z17,"x")/SUM($Y17:$AP17),"")*100 -> 4.9411904 | AX17: =IFERROR(IF(AA17>0,AA17,"x")/SUM($Y17:$AP17),"")*100 -> 0.74176961 | AY17: =IFERROR(IF(AB17>0,AB17,"x")/SUM($Y17:$AP17),"")*100 -> 3.179857 | AZ17: =IFERROR(IF(AC17>0,AC17,"x")/SUM($Y17:$AP17),"")*100 -> 21.688634 | BA17: =IFERROR(IF(AD17>0,AD17,"x")/SUM($Y17:$AP17),"")*100 -> 4.7520539 | BB17: =IFERROR(IF(AE17>0,AE17,"x")/SUM($Y17:$AP17),"")*100 -> 13.150895 | BC17: =IFERROR(IF(AF17>0,AF17,"x")/SUM($Y17:$AP17),"")*100 -> 3.1059755 | ... BF17: =IFERROR(IF(AI17>0,AI17,"x")/SUM($Y17:$AP17),"")*100 -> 4.9618772 | BH17: =IFERROR(IF(AK17>0,AK17,"x")/SUM($Y17:$AP17),"")*100 -> 1.0343401 | BI17: =IFERROR(IF(AL17>0,AL17,"x")/SUM($Y17:$AP17),"")*100 -> 1.4628524 | BJ17: =IFERROR(IF(AM17>0,AM17,"x")/SUM($Y17:$AP17),"")*100 -> 6.2946983 | BK17: =IFERROR(IF(AN17>0,AN17,"x")/SUM($Y17:$AP17),"")*100 -> 3.0527809 | BL17: =IFERROR(IF(AO17>0,AO17,"x")/SUM($Y17:$AP17),"")*100 -> 1.6017495 | BM17: =IFERROR(IF(AP17>0,AP17,"x")/SUM($Y17:$AP17),"")*100 -> 26.842603
A18: O Overheid | B18: 15 | C18: 291 | D18: 1818 | E18: 484 | F18: 1095 | G18: 5282 | H18: 1382 | I18: 2045 | J18: 2661 | K18: 1293 | L18: 534 | M18: 5678 | N18: 1820 | P18: 2189 | Q18: 6003 | R18: 1275 | S18: 906 | T18: 10293 | U18: 16548 | V18: 61597 | X18: O Overheid | Y18: =IFERROR(C18/1000,"") -> 0.291 | Z18: =IFERROR(D18/1000,"") -> 1.818 | AA18: =IFERROR(E18/1000,"") -> 0.484 | AB18: =IFERROR(F18/1000,"") -> 1.095 | AC18: =IFERROR(G18/1000,"") -> 5.282 | AD18: =IFERROR(H18/1000,"") -> 1.382 | AE18: =IFERROR(I18/1000,"") -> 2.045 | AF18: =IFERROR(J18/1000,"") -> 2.661 | ... AR18: =IFERROR(V18/1000,"") -> 61.597 | AU18: O Overheid | AV18: =IFERROR(IF(Y18>0,Y18,"x")/SUM($Y18:$AP18),"")*100 -> 0.64596328 | AW18: =IFERROR(IF(Z18>0,Z18,"x")/SUM($Y18:$AP18),"")*100 -> 4.0356057 | AX18: =IFERROR(IF(AA18>0,AA18,"x")/SUM($Y18:$AP18),"")*100 -> 1.0743857 | AY18: =IFERROR(IF(AB18>0,AB18,"x")/SUM($Y18:$AP18),"")*100 -> 2.4306866 | AZ18: =IFERROR(IF(AC18>0,AC18,"x")/SUM($Y18:$AP18),"")*100 -> 11.725011 | BA18: =IFERROR(IF(AD18>0,AD18,"x")/SUM($Y18:$AP18),"")*100 -> 3.0677706 | BB18: =IFERROR(IF(AE18>0,AE18,"x")/SUM($Y18:$AP18),"")*100 -> 4.5395014 | BC18: =IFERROR(IF(AF18>0,AF18,"x")/SUM($Y18:$AP18),"")*100 -> 5.9069014 | ... BG18: =IFERROR(IF(AJ18>0,AJ18,"x")/SUM($Y18:$AP18),"")*100 -> 4.0400453 | BI18: =IFERROR(IF(AL18>0,AL18,"x")/SUM($Y18:$AP18),"")*100 -> 4.8591534 | BJ18: =IFERROR(IF(AM18>0,AM18,"x")/SUM($Y18:$AP18),"")*100 -> 13.32549 | BK18: =IFERROR(IF(AN18>0,AN18,"x")/SUM($Y18:$AP18),"")*100 -> 2.8302515 | BL18: =IFERROR(IF(AO18>0,AO18,"x")/SUM($Y18:$AP18),"")*100 -> 2.0111434 | BM18: =IFERROR(IF(AP18>0,AP18,"x")/SUM($Y18:$AP18),"")*100 -> 22.848454
A19: P Onderwijs | B19: 16 | C19: 231 | D19: 1039 | E19: 96 | F19: 609 | G19: 5656 | H19: 547 | I19: 2903 | J19: 1115 | K19: 308 | L19: 164 | M19: 2064 | N19: 773 | O19: 961 | Q19: 5594 | R19: 1378 | S19: 762 | T19: 3921 | U19: 26793 | V19: 54914 | X19: P Onderwijs | Y19: =IFERROR(C19/1000,"") -> 0.231 | Z19: =IFERROR(D19/1000,"") -> 1.039 | AA19: =IFERROR(E19/1000,"") -> 0.096 | AB19: =IFERROR(F19/1000,"") -> 0.609 | AC19: =IFERROR(G19/1000,"") -> 5.656 | AD19: =IFERROR(H19/1000,"") -> 0.547 | AE19: =IFERROR(I19/1000,"") -> 2.903 | AF19: =IFERROR(J19/1000,"") -> 1.115 | ... AR19: =IFERROR(V19/1000,"") -> 54.914 | AU19: P Onderwijs | AV19: =IFERROR(IF(Y19>0,Y19,"x")/SUM($Y19:$AP19),"")*100 -> 0.82145016 | AW19: =IFERROR(IF(Z19>0,Z19,"x")/SUM($Y19:$AP19),"")*100 -> 3.6947477 | AX19: =IFERROR(IF(AA19>0,AA19,"x")/SUM($Y19:$AP19),"")*100 -> 0.34138189 | AY19: =IFERROR(IF(AB19>0,AB19,"x")/SUM($Y19:$AP19),"")*100 -> 2.1656413 | AZ19: =IFERROR(IF(AC19>0,AC19,"x")/SUM($Y19:$AP19),"")*100 -> 20.113083 | BA19: =IFERROR(IF(AD19>0,AD19,"x")/SUM($Y19:$AP19),"")*100 -> 1.9451655 | BB19: =IFERROR(IF(AE19>0,AE19,"x")/SUM($Y19:$AP19),"")*100 -> 10.323246 | BC19: =IFERROR(IF(AF19>0,AF19,"x")/SUM($Y19:$AP19),"")*100 -> 3.9650084 | ... BH19: =IFERROR(IF(AK19>0,AK19,"x")/SUM($Y19:$AP19),"")*100 -> 3.4173749 | BJ19: =IFERROR(IF(AM19>0,AM19,"x")/SUM($Y19:$AP19),"")*100 -> 19.892607 | BK19: =IFERROR(IF(AN19>0,AN19,"x")/SUM($Y19:$AP19),"")*100 -> 4.9002525 | BL19: =IFERROR(IF(AO19>0,AO19,"x")/SUM($Y19:$AP19),"")*100 -> 2.7097187 | BM19: =IFERROR(IF(AP19>0,AP19,"x")/SUM($Y19:$AP19),"")*100 -> 13.943316
A20: Q Zorg | B20: 17 | C20: 815 | D20: 3262 | E20: 262 | F20: 987 | G20: 26950 | H20: 1802 | I20: 14153 | J20: 1966 | K20: 987 | L20: 579 | M20: 4355 | N20: 4290 | O20: 2790 | P20: 5100 | R20: 3050 | S20: 2372 | T20: 12778 | U20: 86321 | V20: 172819 | X20: Q Zorg & Welzijn | Y20: =IFERROR(C20/1000,"") -> 0.815 | Z20: =IFERROR(D20/1000,"") -> 3.262 | AA20: =IFERROR(E20/1000,"") -> 0.262 | AB20: =IFERROR(F20/1000,"") -> 0.987 | AC20: =IFERROR(G20/1000,"") -> 26.95 | AD20: =IFERROR(H20/1000,"") -> 1.802 | AE20: =IFERROR(I20/1000,"") -> 14.153 | AF20: =IFERROR(J20/1000,"") -> 1.966 | ... AR20: =IFERROR(V20/1000,"") -> 172.819 | AU20: Q Zorg & Welzijn | AV20: =IFERROR(IF(Y20>0,Y20,"x")/SUM($Y20:$AP20),"")*100 -> 0.94221832 | AW20: =IFERROR(IF(Z20>0,Z20,"x")/SUM($Y20:$AP20),"")*100 -> 3.7711855 | AX20: =IFERROR(IF(AA20>0,AA20,"x")/SUM($Y20:$AP20),"")*100 -> 0.30289718 | AY20: =IFERROR(IF(AB20>0,AB20,"x")/SUM($Y20:$AP20),"")*100 -> 1.1410668 | AZ20: =IFERROR(IF(AC20>0,AC20,"x")/SUM($Y20:$AP20),"")*100 -> 31.15679 | BA20: =IFERROR(IF(AD20>0,AD20,"x")/SUM($Y20:$AP20),"")*100 -> 2.0832852 | BB20: =IFERROR(IF(AE20>0,AE20,"x")/SUM($Y20:$AP20),"")*100 -> 16.362228 | BC20: =IFERROR(IF(AF20>0,AF20,"x")/SUM($Y20:$AP20),"")*100 -> 2.2728849 | ... BI20: =IFERROR(IF(AL20>0,AL20,"x")/SUM($Y20:$AP20),"")*100 -> 5.8960901 | BK20: =IFERROR(IF(AN20>0,AN20,"x")/SUM($Y20:$AP20),"")*100 -> 3.5260931 | BL20: =IFERROR(IF(AO20>0,AO20,"x")/SUM($Y20:$AP20),"")*100 -> 2.7422599 | BM20: =IFERROR(IF(AP20>0,AP20,"x")/SUM($Y20:$AP20),"")*100 -> 14.772596
A21: R Cultuur & Recreatie | B21: 18 | C21: 180 | D21: 566 | E21: 59 | F21: 217 | G21: 5083 | H21: 423 | I21: 4070 | J21: 564 | K21: 141 | L21: 170 | M21: 924 | N21: 701 | O21: 324 | P21: 953 | Q21: 1538 | S21: 371 | T21: 2870 | U21: 15961 | V21: 35115 | X21: R Cultuur & Recreatie | Y21: =IFERROR(C21/1000,"") -> 0.18 | Z21: =IFERROR(D21/1000,"") -> 0.566 | AA21: =IFERROR(E21/1000,"") -> 0.059 | AB21: =IFERROR(F21/1000,"") -> 0.217 | AC21: =IFERROR(G21/1000,"") -> 5.083 | AD21: =IFERROR(H21/1000,"") -> 0.423 | AE21: =IFERROR(I21/1000,"") -> 4.07 | AF21: =IFERROR(J21/1000,"") -> 0.564 | ... AR21: =IFERROR(V21/1000,"") -> 35.115 | AU21: R Cultuur & Recreatie | AV21: =IFERROR(IF(Y21>0,Y21,"x")/SUM($Y21:$AP21),"")*100 -> 0.93975149 | AW21: =IFERROR(IF(Z21>0,Z21,"x")/SUM($Y21:$AP21),"")*100 -> 2.9549963 | AX21: =IFERROR(IF(AA21>0,AA21,"x")/SUM($Y21:$AP21),"")*100 -> 0.30802965 | AY21: =IFERROR(IF(AB21>0,AB21,"x")/SUM($Y21:$AP21),"")*100 -> 1.1329226 | AZ21: =IFERROR(IF(AC21>0,AC21,"x")/SUM($Y21:$AP21),"")*100 -> 26.537538 | BA21: =IFERROR(IF(AD21>0,AD21,"x")/SUM($Y21:$AP21),"")*100 -> 2.208416 | BB21: =IFERROR(IF(AE21>0,AE21,"x")/SUM($Y21:$AP21),"")*100 -> 21.248825 | BC21: =IFERROR(IF(AF21>0,AF21,"x")/SUM($Y21:$AP21),"")*100 -> 2.9445547 | ... BJ21: =IFERROR(IF(AM21>0,AM21,"x")/SUM($Y21:$AP21),"")*100 -> 8.0296544 | BL21: =IFERROR(IF(AO21>0,AO21,"x")/SUM($Y21:$AP21),"")*100 -> 1.9369322 | BM21: =IFERROR(IF(AP21>0,AP21,"x")/SUM($Y21:$AP21),"")*100 -> 14.983815
A22: S Overige diensten | B22: 19 | C22: 92 | D22: 464 | E22: 81 | F22: 212 | G22: 3116 | H22: 313 | I22: 1691 | J22: 642 | K22: 303 | L22: 102 | M22: 1112 | N22: 469 | O22: 381 | P22: 838 | Q22: 1806 | R22: 515 | T22: 2085 | U22: 11042 | V22: 25264 | X22: S Overig | Y22: =IFERROR(C22/1000,"") -> 0.092 | Z22: =IFERROR(D22/1000,"") -> 0.464 | AA22: =IFERROR(E22/1000,"") -> 0.081 | AB22: =IFERROR(F22/1000,"") -> 0.212 | AC22: =IFERROR(G22/1000,"") -> 3.116 | AD22: =IFERROR(H22/1000,"") -> 0.313 | AE22: =IFERROR(I22/1000,"") -> 1.691 | AF22: =IFERROR(J22/1000,"") -> 0.642 | ... AR22: =IFERROR(V22/1000,"") -> 25.264 | AU22: S Overig | AV22: =IFERROR(IF(Y22>0,Y22,"x")/SUM($Y22:$AP22),"")*100 -> 0.64688511 | AW22: =IFERROR(IF(Z22>0,Z22,"x")/SUM($Y22:$AP22),"")*100 -> 3.262551 | AX22: =IFERROR(IF(AA22>0,AA22,"x")/SUM($Y22:$AP22),"")*100 -> 0.56954015 | AY22: =IFERROR(IF(AB22>0,AB22,"x")/SUM($Y22:$AP22),"")*100 -> 1.4906483 | AZ22: =IFERROR(IF(AC22>0,AC22,"x")/SUM($Y22:$AP22),"")*100 -> 21.909717 | BA22: =IFERROR(IF(AD22>0,AD22,"x")/SUM($Y22:$AP22),"")*100 -> 2.2008156 | BB22: =IFERROR(IF(AE22>0,AE22,"x")/SUM($Y22:$AP22),"")*100 -> 11.89003 | BC22: =IFERROR(IF(AF22>0,AF22,"x")/SUM($Y22:$AP22),"")*100 -> 4.514133 | ... BK22: =IFERROR(IF(AN22>0,AN22,"x")/SUM($Y22:$AP22),"")*100 -> 3.6211503 | BM22: =IFERROR(IF(AP22>0,AP22,"x")/SUM($Y22:$AP22),"")*100 -> 14.660385
A23: 78 Uitzend | B23: 78 | C23: 2307 | D23: 8680 | E23: 1237 | F23: 3696 | G23: 25928 | H23: 6356 | I23: 17379 | J23: 3629 | K23: 1047 | L23: 672 | M23: 6004 | N23: 6370 | O23: 1820 | P23: 2401 | Q23: 8399 | R23: 2604 | S23: 1261 | U23: 150934 | V23: 250724 | X23: 78 Uitzend | Y23: =IFERROR(C23/1000,"") -> 2.307 | Z23: =IFERROR(D23/1000,"") -> 8.68 | AA23: =IFERROR(E23/1000,"") -> 1.237 | AB23: =IFERROR(F23/1000,"") -> 3.696 | AC23: =IFERROR(G23/1000,"") -> 25.928 | AD23: =IFERROR(H23/1000,"") -> 6.356 | AE23: =IFERROR(I23/1000,"") -> 17.379 | AF23: =IFERROR(J23/1000,"") -> 3.629 | ... AR23: =IFERROR(V23/1000,"") -> 250.724 | AU23: 78 Uitzend | AV23: =IFERROR(IF(Y23>0,Y23,"x")/SUM($Y23:$AP23),"")*100 -> 2.3118549 | AW23: =IFERROR(IF(Z23>0,Z23,"x")/SUM($Y23:$AP23),"")*100 -> 8.6982664 | AX23: =IFERROR(IF(AA23>0,AA23,"x")/SUM($Y23:$AP23),"")*100 -> 1.2396032 | AY23: =IFERROR(IF(AB23>0,AB23,"x")/SUM($Y23:$AP23),"")*100 -> 3.7037779 | AZ23: =IFERROR(IF(AC23>0,AC23,"x")/SUM($Y23:$AP23),"")*100 -> 25.982563 | BA23: =IFERROR(IF(AD23>0,AD23,"x")/SUM($Y23:$AP23),"")*100 -> 6.3693757 | BB23: =IFERROR(IF(AE23>0,AE23,"x")/SUM($Y23:$AP23),"")*100 -> 17.415573 | BC23: =IFERROR(IF(AF23>0,AF23,"x")/SUM($Y23:$AP23),"")*100 -> 3.6366369 | ... BL23: =IFERROR(IF(AO23>0,AO23,"x")/SUM($Y23:$AP23),"")*100 -> 1.2636537
B25: Total | C25: 10021 | D25: 45950 | E25: 6191 | F25: 20174 | G25: 158809 | H25: 28072 | I25: 83935 | J25: 28660 | K25: 10513 | L25: 5574 | M25: 53386 | N25: 32307 | O25: 11652 | P25: 22330 | Q25: 46784 | R25: 20088 | S25: 11885 | T25: 147974 | U25: 704347 | V25: 1448652 | X25: Total | Y25: =IFERROR(C25/1000,"") -> 10.021 | Z25: =IFERROR(D25/1000,"") -> 45.95 | AA25: =IFERROR(E25/1000,"") -> 6.191 | AB25: =IFERROR(F25/1000,"") -> 20.174 | AC25: =IFERROR(G25/1000,"") -> 158.809 | AD25: =IFERROR(H25/1000,"") -> 28.072 | AE25: =IFERROR(I25/1000,"") -> 83.935 | AF25: =IFERROR(J25/1000,"") -> 28.66 | ... AR25: =IFERROR(V25/1000,"") -> 1448.652

Sheet Tabel_2
A1: ALLEEN INTERSECTORAAL | C1: table sbi sbi_new_missing2 if hoofdbaan!=. & switch_beid==1 & year==2024 & within_sbi!=1, row col mi
C3: A Agrarisch | D3: C Industrie | E3: D Energie | F3: F Bouw | G3: G Handel | H3: H Logistiek | I3: I Horeca | J3: J Media & ICT | K3: K Financieel | L3: L Onroerend goed | M3: M Zakelijk | N3: N Facilitair (excl. 78) | O3: O Overheid | P3: P Onderwijs | Q3: Q Zorg | R3: R Cultuur & Recreatie | S3: S Overige diensten | T3: 78 Uitzend | U3: instroom niet-werknemer | V3: .
C4: 1 | D4: 3 | E4: 4 | F4: 6 | G4: 7 | H4: 8 | I4: 9 | J4: 10 | K4: 11 | L4: 12 | M4: 13 | N4: 14 | O4: 15 | P4: 16 | Q4: 17 | R4: 18 | S4: 19 | T4: 78 | U4: 999 | V4: Total | Y4: A Agrarisch | Z4: C Industrie | AA4: D Energie | AB4: F Bouw | AC4: G Handel | AD4: H Logistiek | AE4: I Horeca | AF4: J Media & ICT | AG4: K Financieel | AH4: L Onroerend goed | AI4: M Zakelijk | AJ4: N Facilitair (excl. 78) | AK4: O Overheid | AL4: P Onderwijs | AM4: Q Zorg | AN4: R Cultuur & Recreatie | AO4: S Overige diensten | AP4: 78 Uitzend
Y5: A | Z5: C | AA5: D | AB5: F | AC5: G | AD5: H | AE5: I | AF5: J | AG5: K | AH5: L | AI5: M | AJ5: N | AK5: O | AL5: P | AM5: Q | AN5: R | AO5: S | AP5: 78 | AQ5: Uitstroom | AR5: Total | AV5: A | AW5: C* | AX5: D** | AY5: F | AZ5: G | BA5: H | BB5: I | BC5: J | BD5: K | BE5: L | BF5: M | BG5: N | BH5: O | BI5: P | BJ5: Q | BK5: R | BL5: S | BM5: 78
A6: A Agrarisch | B6: 1 | C6: . | D6: 758 | E6: 88 | F6: 707 | G6: 2260 | H6: 435 | I6: 552 | J6: 97 | K6: 64 | L6: 43 | M6: 596 | N6: 505 | O6: 291 | P6: 231 | Q6: 815 | R6: 180 | S6: 92 | T6: 2307 | U6: 16446 | V6: 26467 | X6: A Agrarisch | Y6: =IFERROR(C6/1000,"") | Z6: =IFERROR(D6/1000,"") -> 0.758 | AA6: =IFERROR(E6/1000,"") -> 0.088 | AB6: =IFERROR(F6/1000,"") -> 0.707 | AC6: =IFERROR(G6/1000,"") -> 2.26 | AD6: =IFERROR(H6/1000,"") -> 0.435 | AE6: =IFERROR(I6/1000,"") -> 0.552 | AF6: =IFERROR(J6/1000,"") -> 0.097 | ... AR6: =IFERROR(V6/1000,"") -> 26.467 | AU6: A Agrarisch | AW6: =IFERROR(IF(Z6>0,Z6,"x")/SUM($Y6:$AP6),"")*100 -> 7.5641154 | AX6: =IFERROR(IF(AA6>0,AA6,"x")/SUM($Y6:$AP6),"")*100 -> 0.87815587 | AY6: =IFERROR(IF(AB6>0,AB6,"x")/SUM($Y6:$AP6),"")*100 -> 7.0551841 | AZ6: =IFERROR(IF(AC6>0,AC6,"x")/SUM($Y6:$AP6),"")*100 -> 22.552639 | BA6: =IFERROR(IF(AD6>0,AD6,"x")/SUM($Y6:$AP6),"")*100 -> 4.3408841 | BB6: =IFERROR(IF(AE6>0,AE6,"x")/SUM($Y6:$AP6),"")*100 -> 5.5084323 | BC6: =IFERROR(IF(AF6>0,AF6,"x")/SUM($Y6:$AP6),"")*100 -> 0.96796727 | BD6: =IFERROR(IF(AG6>0,AG6,"x")/SUM($Y6:$AP6),"")*100 -> 0.63865882 | ... BM6: =IFERROR(IF(AP6>0,AP6,"x")/SUM($Y6:$AP6),"")*100 -> 23.021655
A7: C Industrie | B7: 3 | C7: 549 | D7: 343 | E7: 1043 | F7: 3550 | G7: 10763 | H7: 2284 | I7: 1925 | J7: 1285 | K7: 572 | L7: 319 | M7: 5816 | N7: 1672 | O7: 1818 | P7: 1039 | Q7: 3262 | R7: 566 | S7: 464 | T7: 8680 | U7: 46856 | V7: 92806 | X7: C Industrie | Y7: =IFERROR(C7/1000,"") -> 0.549 | Z7: =IFERROR(D7/1000,"") -> 0.343 | AA7: =IFERROR(E7/1000,"") -> 1.043 | AB7: =IFERROR(F7/1000,"") -> 3.55 | AC7: =IFERROR(G7/1000,"") -> 10.763 | AD7: =IFERROR(H7/1000,"") -> 2.284 | AE7: =IFERROR(I7/1000,"") -> 1.925 | AF7: =IFERROR(J7/1000,"") -> 1.285 | ... AR7: =IFERROR(V7/1000,"") -> 92.806 | AU7: C* Industrie | AV7: =IFERROR(IF(Y7>0,Y7,"x")/SUM($Y7:$AP7),"")*100 -> 1.1947769 | AW7: =IFERROR(IF(Z7>0,Z7,"x")/SUM($Y7:$AP7),"")*100 -> 0.74646355 | AX7: =IFERROR(IF(AA7>0,AA7,"x")/SUM($Y7:$AP7),"")*100 -> 2.2698585 | AY7: =IFERROR(IF(AB7>0,AB7,"x")/SUM($Y7:$AP7),"")*100 -> 7.7257889 | AZ7: =IFERROR(IF(AC7>0,AC7,"x")/SUM($Y7:$AP7),"")*100 -> 23.423286 | BA7: =IFERROR(IF(AD7>0,AD7,"x")/SUM($Y7:$AP7),"")*100 -> 4.9706202 | BB7: =IFERROR(IF(AE7>0,AE7,"x")/SUM($Y7:$AP7),"")*100 -> 4.1893362 | BC7: =IFERROR(IF(AF7>0,AF7,"x")/SUM($Y7:$AP7),"")*100 -> 2.796518 | ... BM7: =IFERROR(IF(AP7>0,AP7,"x")/SUM($Y7:$AP7),"")*100 -> 18.890098
A8: D Energie | B8: 4 | C8: 57 | D8: 471 | E8: 94 | F8: 566 | G8: 625 | H8: 418 | I8: 84 | J8: 205 | K8: 122 | L8: 57 | M8: 1022 | N8: 251 | O8: 484 | P8: 96 | Q8: 262 | R8: 59 | S8: 81 | T8: 1237 | U8: 4266 | V8: 10457 | X8: D Energie | Y8: =IFERROR(C8/1000,"") -> 0.057 | Z8: =IFERROR(D8/1000,"") -> 0.471 | AA8: =IFERROR(E8/1000,"") -> 0.094 | AB8: =IFERROR(F8/1000,"") -> 0.566 | AC8: =IFERROR(G8/1000,"") -> 0.625 | AD8: =IFERROR(H8/1000,"") -> 0.418 | AE8: =IFERROR(I8/1000,"") -> 0.084 | AF8: =IFERROR(J8/1000,"") -> 0.205 | ... AR8: =IFERROR(V8/1000,"") -> 10.457 | AU8: D** Energie | AV8: =IFERROR(IF(Y8>0,Y8,"x")/SUM($Y8:$AP8),"")*100 -> 0.92069133 | AW8: =IFERROR(IF(Z8>0,Z8,"x")/SUM($Y8:$AP8),"")*100 -> 7.6078178 | AX8: =IFERROR(IF(AA8>0,AA8,"x")/SUM($Y8:$AP8),"")*100 -> 1.5183331 | AY8: =IFERROR(IF(AB8>0,AB8,"x")/SUM($Y8:$AP8),"")*100 -> 9.1423033 | AZ8: =IFERROR(IF(AC8>0,AC8,"x")/SUM($Y8:$AP8),"")*100 -> 10.0953 | BA8: =IFERROR(IF(AD8>0,AD8,"x")/SUM($Y8:$AP8),"")*100 -> 6.7517364 | BB8: =IFERROR(IF(AE8>0,AE8,"x")/SUM($Y8:$AP8),"")*100 -> 1.3568083 | BC8: =IFERROR(IF(AF8>0,AF8,"x")/SUM($Y8:$AP8),"")*100 -> 3.3112583 | ... BM8: =IFERROR(IF(AP8>0,AP8,"x")/SUM($Y8:$AP8),"")*100 -> 19.980617
A9: F Bouw | B9: 6 | C9: 450 | D9: 2718 | E9: 757 | F9: . | G9: 3039 | H9: 1210 | I9: 485 | J9: 427 | K9: 210 | L9: 531 | M9: 2455 | N9: 1076 | O9: 1095 | P9: 609 | Q9: 987 | R9: 217 | S9: 212 | T9: 3696 | U9: 20519 | V9: 40693 | X9: F Bouwnijverheid | Y9: =IFERROR(C9/1000,"") -> 0.45 | Z9: =IFERROR(D9/1000,"") -> 2.718 | AA9: =IFERROR(E9/1000,"") -> 0.757 | AB9: =IFERROR(F9/1000,"") | AC9: =IFERROR(G9/1000,"") -> 3.039 | AD9: =IFERROR(H9/1000,"") -> 1.21 | AE9: =IFERROR(I9/1000,"") -> 0.485 | AF9: =IFERROR(J9/1000,"") -> 0.427 | ... AR9: =IFERROR(V9/1000,"") -> 40.693 | AU9: F Bouwnijverheid | AV9: =IFERROR(IF(Y9>0,Y9,"x")/SUM($Y9:$AP9),"")*100 -> 2.2305938 | AW9: =IFERROR(IF(Z9>0,Z9,"x")/SUM($Y9:$AP9),"")*100 -> 13.472787 | AX9: =IFERROR(IF(AA9>0,AA9,"x")/SUM($Y9:$AP9),"")*100 -> 3.7523545 | AZ9: =IFERROR(IF(AC9>0,AC9,"x")/SUM($Y9:$AP9),"")*100 -> 15.063944 | BA9: =IFERROR(IF(AD9>0,AD9,"x")/SUM($Y9:$AP9),"")*100 -> 5.997819 | BB9: =IFERROR(IF(AE9>0,AE9,"x")/SUM($Y9:$AP9),"")*100 -> 2.4040845 | BC9: =IFERROR(IF(AF9>0,AF9,"x")/SUM($Y9:$AP9),"")*100 -> 2.1165857 | BD9: =IFERROR(IF(AG9>0,AG9,"x")/SUM($Y9:$AP9),"")*100 -> 1.0409438 | BE9: =IFERROR(IF(AH9>0,AH9,"x")/SUM($Y9:$AP9),"")*100 -> 2.6321007 | BF9: =IFERROR(IF(AI9>0,AI9,"x")/SUM($Y9:$AP9),"")*100 -> 12.169129 | BG9: =IFERROR(IF(AJ9>0,AJ9,"x")/SUM($Y9:$AP9),"")*100 -> 5.3335977 | ... BM9: =IFERROR(IF(AP9>0,AP9,"x")/SUM($Y9:$AP9),"")*100 -> 18.320611
A10: G Handel | B10: 7 | C10: 1882 | D10: 14611 | E10: 1426 | F10: 6042 | G10: . | H10: 8053 | I10: 25630 | J10: 6017 | K10: 2089 | L10: 1448 | M10: 12257 | N10: 7339 | O10: 5282 | P10: 5656 | Q10: 26950 | R10: 5083 | S10: 3116 | T10: 25928 | U10: 138027 | V10: 296836 | X10: G Handel | Y10: =IFERROR(C10/1000,"") -> 1.882 | Z10: =IFERROR(D10/1000,"") -> 14.611 | AA10: =IFERROR(E10/1000,"") -> 1.426 | AB10: =IFERROR(F10/1000,"") -> 6.042 | AC10: =IFERROR(G10/1000,"") | AD10: =IFERROR(H10/1000,"") -> 8.053 | AE10: =IFERROR(I10/1000,"") -> 25.63 | AF10: =IFERROR(J10/1000,"") -> 6.017 | ... AR10: =IFERROR(V10/1000,"") -> 296.836 | AU10: G Handel | AV10: =IFERROR(IF(Y10>0,Y10,"x")/SUM($Y10:$AP10),"")*100 -> 1.1850714 | AW10: =IFERROR(IF(Z10>0,Z10,"x")/SUM($Y10:$AP10),"")*100 -> 9.2003602 | AX10: =IFERROR(IF(AA10>0,AA10,"x")/SUM($Y10:$AP10),"")*100 -> 0.897934 | AY10: =IFERROR(IF(AB10>0,AB10,"x")/SUM($Y10:$AP10),"")*100 -> 3.8045703 | BA10: =IFERROR(IF(AD10>0,AD10,"x")/SUM($Y10:$AP10),"")*100 -> 5.0708713 | BB10: =IFERROR(IF(AE10>0,AE10,"x")/SUM($Y10:$AP10),"")*100 -> 16.138884 | BC10: =IFERROR(IF(AF10>0,AF10,"x")/SUM($Y10:$AP10),"")*100 -> 3.7888281 | BD10: =IFERROR(IF(AG10>0,AG10,"x")/SUM($Y10:$AP10),"")*100 -> 1.3154166 | BE10: =IFERROR(IF(AH10>0,AH10,"x")/SUM($Y10:$AP10),"")*100 -> 0.91178712 | BF10: =IFERROR(IF(AI10>0,AI10,"x")/SUM($Y10:$AP10),"")*100 -> 7.7180764 | BG10: =IFERROR(IF(AJ10>0,AJ10,"x")/SUM($Y10:$AP10),"")*100 -> 4.6212746 | BH10: =IFERROR(IF(AK10>0,AK10,"x")/SUM($Y10:$AP10),"")*100 -> 3.326008 | ... BM10: =IFERROR(IF(AP10>0,AP10,"x")/SUM($Y10:$AP10),"")*100 -> 16.326531
A11: H Logistiek | B11: 8 | C11: 461 | D11: 2407 | E11: 732 | F11: 1393 | G11: 6120 | H11: . | I11: 1120 | J11: 718 | K11: 339 | L11: 282 | M11: 2069 | N11: 1608 | O11: 1382 | P11: 547 | Q11: 1802 | R11: 423 | S11: 313 | T11: 6356 | U11: 29777 | V11: 57849 | X11: H Vervoer & Logistiek | Y11: =IFERROR(C11/1000,"") -> 0.461 | Z11: =IFERROR(D11/1000,"") -> 2.407 | AA11: =IFERROR(E11/1000,"") -> 0.732 | AB11: =IFERROR(F11/1000,"") -> 1.393 | AC11: =IFERROR(G11/1000,"") -> 6.12 | AD11: =IFERROR(H11/1000,"") | AE11: =IFERROR(I11/1000,"") -> 1.12 | AF11: =IFERROR(J11/1000,"") -> 0.718 | ... AR11: =IFERROR(V11/1000,"") -> 57.849 | AU11: H Vervoer & Logistiek | AV11: =IFERROR(IF(Y11>0,Y11,"x")/SUM($Y11:$AP11),"")*100 -> 1.6422058 | AW11: =IFERROR(IF(Z11>0,Z11,"x")/SUM($Y11:$AP11),"")*100 -> 8.5743802 | AX11: =IFERROR(IF(AA11>0,AA11,"x")/SUM($Y11:$AP11),"")*100 -> 2.6075805 | AY11: =IFERROR(IF(AB11>0,AB11,"x")/SUM($Y11:$AP11),"")*100 -> 4.96224 | AZ11: =IFERROR(IF(AC11>0,AC11,"x")/SUM($Y11:$AP11),"")*100 -> 21.801083 | BB11: =IFERROR(IF(AE11>0,AE11,"x")/SUM($Y11:$AP11),"")*100 -> 3.9897407 | BC11: =IFERROR(IF(AF11>0,AF11,"x")/SUM($Y11:$AP11),"")*100 -> 2.5577087 | BD11: =IFERROR(IF(AG11>0,AG11,"x")/SUM($Y11:$AP11),"")*100 -> 1.207609 | BE11: =IFERROR(IF(AH11>0,AH11,"x")/SUM($Y11:$AP11),"")*100 -> 1.0045597 | BF11: =IFERROR(IF(AI11>0,AI11,"x")/SUM($Y11:$AP11),"")*100 -> 7.3703334 | BG11: =IFERROR(IF(AJ11>0,AJ11,"x")/SUM($Y11:$AP11),"")*100 -> 5.7281277 | BH11: =IFERROR(IF(AK11>0,AK11,"x")/SUM($Y11:$AP11),"")*100 -> 4.923055 | BI11: =IFERROR(IF(AL11>0,AL11,"x")/SUM($Y11:$AP11),"")*100 -> 1.9485608 | ... BM11: =IFERROR(IF(AP11>0,AP11,"x")/SUM($Y11:$AP11),"")*100 -> 22.641778
A12: I Horeca | B12: 9 | C12: 553 | D12: 3396 | E12: 206 | F12: 1813 | G12: 20288 | H12: 3024 | I12: . | J12: 1661 | K12: 735 | L12: 921 | M12: 4647 | N12: 4450 | O12: 2045 | P12: 2903 | Q12: 14153 | R12: 4070 | S12: 1691 | T12: 17379 | U12: 71359 | V12: 155294 | X12: I Horeca | Y12: =IFERROR(C12/1000,"") -> 0.553 | Z12: =IFERROR(D12/1000,"") -> 3.396 | AA12: =IFERROR(E12/1000,"") -> 0.206 | AB12: =IFERROR(F12/1000,"") -> 1.813 | AC12: =IFERROR(G12/1000,"") -> 20.288 | AD12: =IFERROR(H12/1000,"") -> 3.024 | AE12: =IFERROR(I12/1000,"") | AF12: =IFERROR(J12/1000,"") -> 1.661 | ... AR12: =IFERROR(V12/1000,"") -> 155.294 | AU12: I Horeca | AV12: =IFERROR(IF(Y12>0,Y12,"x")/SUM($Y12:$AP12),"")*100 -> 0.65884315 | AW12: =IFERROR(IF(Z12>0,Z12,"x")/SUM($Y12:$AP12),"")*100 -> 4.045988 | AX12: =IFERROR(IF(AA12>0,AA12,"x")/SUM($Y12:$AP12),"")*100 -> 0.24542801 | AY12: =IFERROR(IF(AB12>0,AB12,"x")/SUM($Y12:$AP12),"")*100 -> 2.1600048 | AZ12: =IFERROR(IF(AC12>0,AC12,"x")/SUM($Y12:$AP12),"")*100 -> 24.171085 | BA12: =IFERROR(IF(AD12>0,AD12,"x")/SUM($Y12:$AP12),"")*100 -> 3.6027879 | BC12: =IFERROR(IF(AF12>0,AF12,"x")/SUM($Y12:$AP12),"")*100 -> 1.9789123 | BD12: =IFERROR(IF(AG12>0,AG12,"x")/SUM($Y12:$AP12),"")*100 -> 0.87567761 | BE12: =IFERROR(IF(AH12>0,AH12,"x")/SUM($Y12:$AP12),"")*100 -> 1.0972777 | BF12: =IFERROR(IF(AI12>0,AI12,"x")/SUM($Y12:$AP12),"")*100 -> 5.536427 | BG12: =IFERROR(IF(AJ12>0,AJ12,"x")/SUM($Y12:$AP12),"")*100 -> 5.3017216 | BH12: =IFERROR(IF(AK12>0,AK12,"x")/SUM($Y12:$AP12),"")*100 -> 2.4364091 | BI12: =IFERROR(IF(AL12>0,AL12,"x")/SUM($Y12:$AP12),"")*100 -> 3.4586287 | BJ12: =IFERROR(IF(AM12>0,AM12,"x")/SUM($Y12:$AP12),"")*100 -> 16.861857 | ... BM12: =IFERROR(IF(AP12>0,AP12,"x")/SUM($Y12:$AP12),"")*100 -> 20.705308
A13: J Media & ICT | B13: 10 | C13: 77 | D13: 1738 | E13: 770 | F13: 819 | G13: 4297 | H13: 1024 | I13: 755 | J13: . | K13: 2241 | L13: 309 | M13: 5002 | N13: 1051 | O13: 2661 | P13: 1115 | Q13: 1966 | R13: 564 | S13: 642 | T13: 3629 | U13: 22916 | V13: 51576 | X13: J Media & ICT | Y13: =IFERROR(C13/1000,"") -> 0.077 | Z13: =IFERROR(D13/1000,"") -> 1.738 | AA13: =IFERROR(E13/1000,"") -> 0.77 | AB13: =IFERROR(F13/1000,"") -> 0.819 | AC13: =IFERROR(G13/1000,"") -> 4.297 | AD13: =IFERROR(H13/1000,"") -> 1.024 | AE13: =IFERROR(I13/1000,"") -> 0.755 | AF13: =IFERROR(J13/1000,"") | ... AR13: =IFERROR(V13/1000,"") -> 51.576 | AU13: J Media & ICT | AV13: =IFERROR(IF(Y13>0,Y13,"x")/SUM($Y13:$AP13),"")*100 -> 0.26866713 | AW13: =IFERROR(IF(Z13>0,Z13,"x")/SUM($Y13:$AP13),"")*100 -> 6.064201 | AX13: =IFERROR(IF(AA13>0,AA13,"x")/SUM($Y13:$AP13),"")*100 -> 2.6866713 | AY13: =IFERROR(IF(AB13>0,AB13,"x")/SUM($Y13:$AP13),"")*100 -> 2.8576413 | AZ13: =IFERROR(IF(AC13>0,AC13,"x")/SUM($Y13:$AP13),"")*100 -> 14.993022 | BA13: =IFERROR(IF(AD13>0,AD13,"x")/SUM($Y13:$AP13),"")*100 -> 3.5729239 | BB13: =IFERROR(IF(AE13>0,AE13,"x")/SUM($Y13:$AP13),"")*100 -> 2.6343336 | BD13: =IFERROR(IF(AG13>0,AG13,"x")/SUM($Y13:$AP13),"")*100 -> 7.8192603 | BE13: =IFERROR(IF(AH13>0,AH13,"x")/SUM($Y13:$AP13),"")*100 -> 1.0781577 | BF13: =IFERROR(IF(AI13>0,AI13,"x")/SUM($Y13:$AP13),"")*100 -> 17.452896 | BG13: =IFERROR(IF(AJ13>0,AJ13,"x")/SUM($Y13:$AP13),"")*100 -> 3.6671319 | BH13: =IFERROR(IF(AK13>0,AK13,"x")/SUM($Y13:$AP13),"")*100 -> 9.2847174 | BI13: =IFERROR(IF(AL13>0,AL13,"x")/SUM($Y13:$AP13),"")*100 -> 3.8904396 | BJ13: =IFERROR(IF(AM13>0,AM13,"x")/SUM($Y13:$AP13),"")*100 -> 6.8597348 | BK13: =IFERROR(IF(AN13>0,AN13,"x")/SUM($Y13:$AP13),"")*100 -> 1.9678995 | ... BM13: =IFERROR(IF(AP13>0,AP13,"x")/SUM($Y13:$AP13),"")*100 -> 12.662247
A14: K Financieel | B14: 11 | C14: 47 | D14: 415 | E14: 186 | F14: 200 | G14: 931 | H14: 256 | I14: 244 | J14: 873 | K14: . | L14: 403 | M14: 2484 | N14: 395 | O14: 1293 | P14: 308 | Q14: 987 | R14: 141 | S14: 303 | T14: 1047 | U14: 11542 | V14: 22055 | X14: K Financieel | Y14: =IFERROR(C14/1000,"") -> 0.047 | Z14: =IFERROR(D14/1000,"") -> 0.415 | AA14: =IFERROR(E14/1000,"") -> 0.186 | AB14: =IFERROR(F14/1000,"") -> 0.2 | AC14: =IFERROR(G14/1000,"") -> 0.931 | AD14: =IFERROR(H14/1000,"") -> 0.256 | AE14: =IFERROR(I14/1000,"") -> 0.244 | AF14: =IFERROR(J14/1000,"") -> 0.873 | ... AR14: =IFERROR(V14/1000,"") -> 22.055 | AU14: K Financieel | AV14: =IFERROR(IF(Y14>0,Y14,"x")/SUM($Y14:$AP14),"")*100 -> 0.44706554 | AW14: =IFERROR(IF(Z14>0,Z14,"x")/SUM($Y14:$AP14),"")*100 -> 3.9474936 | AX14: =IFERROR(IF(AA14>0,AA14,"x")/SUM($Y14:$AP14),"")*100 -> 1.7692381 | AY14: =IFERROR(IF(AB14>0,AB14,"x")/SUM($Y14:$AP14),"")*100 -> 1.9024065 | AZ14: =IFERROR(IF(AC14>0,AC14,"x")/SUM($Y14:$AP14),"")*100 -> 8.8557025 | BA14: =IFERROR(IF(AD14>0,AD14,"x")/SUM($Y14:$AP14),"")*100 -> 2.4350804 | BB14: =IFERROR(IF(AE14>0,AE14,"x")/SUM($Y14:$AP14),"")*100 -> 2.320936 | BC14: =IFERROR(IF(AF14>0,AF14,"x")/SUM($Y14:$AP14),"")*100 -> 8.3040046 | BE14: =IFERROR(IF(AH14>0,AH14,"x")/SUM($Y14:$AP14),"")*100 -> 3.8333492 | BF14: =IFERROR(IF(AI14>0,AI14,"x")/SUM($Y14:$AP14),"")*100 -> 23.627889 | BG14: =IFERROR(IF(AJ14>0,AJ14,"x")/SUM($Y14:$AP14),"")*100 -> 3.7572529 | BH14: =IFERROR(IF(AK14>0,AK14,"x")/SUM($Y14:$AP14),"")*100 -> 12.299058 | BI14: =IFERROR(IF(AL14>0,AL14,"x")/SUM($Y14:$AP14),"")*100 -> 2.9297061 | BJ14: =IFERROR(IF(AM14>0,AM14,"x")/SUM($Y14:$AP14),"")*100 -> 9.3883763 | BK14: =IFERROR(IF(AN14>0,AN14,"x")/SUM($Y14:$AP14),"")*100 -> 1.3411966 | BL14: =IFERROR(IF(AO14>0,AO14,"x")/SUM($Y14:$AP14),"")*100 -> 2.8821459 | BM14: =IFERROR(IF(AP14>0,AP14,"x")/SUM($Y14:$AP14),"")*100 -> 9.9590983
A15: L Onroerend goed | B15: 12 | C15: 26 | D15: 215 | E15: 49 | F15: 421 | G15: 588 | H15: 133 | I15: 352 | J15: 223 | K15: 289 | L15: . | M15: 878 | N15: 179 | O15: 534 | P15: 164 | Q15: 579 | R15: 170 | S15: 102 | T15: 672 | U15: 4134 | V15: 9708 | X15: L Onroerend goed | Y15: =IFERROR(C15/1000,"") -> 0.026 | Z15: =IFERROR(D15/1000,"") -> 0.215 | AA15: =IFERROR(E15/1000,"") -> 0.049 | AB15: =IFERROR(F15/1000,"") -> 0.421 | AC15: =IFERROR(G15/1000,"") -> 0.588 | AD15: =IFERROR(H15/1000,"") -> 0.133 | AE15: =IFERROR(I15/1000,"") -> 0.352 | AF15: =IFERROR(J15/1000,"") -> 0.223 | ... AR15: =IFERROR(V15/1000,"") -> 9.708 | AU15: L Onroerend goed | AV15: =IFERROR(IF(Y15>0,Y15,"x")/SUM($Y15:$AP15),"")*100 -> 0.46645138 | AW15: =IFERROR(IF(Z15>0,Z15,"x")/SUM($Y15:$AP15),"")*100 -> 3.8571941 | AX15: =IFERROR(IF(AA15>0,AA15,"x")/SUM($Y15:$AP15),"")*100 -> 0.87908145 | AY15: =IFERROR(IF(AB15>0,AB15,"x")/SUM($Y15:$AP15),"")*100 -> 7.5529243 | AZ15: =IFERROR(IF(AC15>0,AC15,"x")/SUM($Y15:$AP15),"")*100 -> 10.548977 | BA15: =IFERROR(IF(AD15>0,AD15,"x")/SUM($Y15:$AP15),"")*100 -> 2.3860782 | BB15: =IFERROR(IF(AE15>0,AE15,"x")/SUM($Y15:$AP15),"")*100 -> 6.3150341 | BC15: =IFERROR(IF(AF15>0,AF15,"x")/SUM($Y15:$AP15),"")*100 -> 4.0007176 | BD15: =IFERROR(IF(AG15>0,AG15,"x")/SUM($Y15:$AP15),"")*100 -> 5.1847865 | BF15: =IFERROR(IF(AI15>0,AI15,"x")/SUM($Y15:$AP15),"")*100 -> 15.751704 | BG15: =IFERROR(IF(AJ15>0,AJ15,"x")/SUM($Y15:$AP15),"")*100 -> 3.2113384 | BH15: =IFERROR(IF(AK15>0,AK15,"x")/SUM($Y15:$AP15),"")*100 -> 9.5801938 | BI15: =IFERROR(IF(AL15>0,AL15,"x")/SUM($Y15:$AP15),"")*100 -> 2.9422318 | BJ15: =IFERROR(IF(AM15>0,AM15,"x")/SUM($Y15:$AP15),"")*100 -> 10.387513 | BK15: =IFERROR(IF(AN15>0,AN15,"x")/SUM($Y15:$AP15),"")*100 -> 3.0498744 | BL15: =IFERROR(IF(AO15>0,AO15,"x")/SUM($Y15:$AP15),"")*100 -> 1.8299247 | BM15: =IFERROR(IF(AP15>0,AP15,"x")/SUM($Y15:$AP15),"")*100 -> 12.055974
A16: M Zakelijk | B16: 13 | C16: 396 | D16: 5997 | E16: 1608 | F16: 2798 | G16: 7172 | H16: 2304 | I16: 1680 | J16: 4932 | K16: 3667 | L16: 1016 | M16: . | N16: 1679 | O16: 5678 | P16: 2064 | Q16: 4355 | R16: 924 | S16: 1112 | T16: 6004 | U16: 38679 | V16: 92065 | X16: M Zakelijk | Y16: =IFERROR(C16/1000,"") -> 0.396 | Z16: =IFERROR(D16/1000,"") -> 5.997 | AA16: =IFERROR(E16/1000,"") -> 1.608 | AB16: =IFERROR(F16/1000,"") -> 2.798 | AC16: =IFERROR(G16/1000,"") -> 7.172 | AD16: =IFERROR(H16/1000,"") -> 2.304 | AE16: =IFERROR(I16/1000,"") -> 1.68 | AF16: =IFERROR(J16/1000,"") -> 4.932 | ... AR16: =IFERROR(V16/1000,"") -> 92.065 | AU16: M Zakelijk | AV16: =IFERROR(IF(Y16>0,Y16,"x")/SUM($Y16:$AP16),"")*100 -> 0.7417675 | AW16: =IFERROR(IF(Z16>0,Z16,"x")/SUM($Y16:$AP16),"")*100 -> 11.233282 | AX16: =IFERROR(IF(AA16>0,AA16,"x")/SUM($Y16:$AP16),"")*100 -> 3.0120256 | AY16: =IFERROR(IF(AB16>0,AB16,"x")/SUM($Y16:$AP16),"")*100 -> 5.2410744 | AZ16: =IFERROR(IF(AC16>0,AC16,"x")/SUM($Y16:$AP16),"")*100 -> 13.434234 | BA16: =IFERROR(IF(AD16>0,AD16,"x")/SUM($Y16:$AP16),"")*100 -> 4.3157382 | BB16: =IFERROR(IF(AE16>0,AE16,"x")/SUM($Y16:$AP16),"")*100 -> 3.1468924 | BC16: =IFERROR(IF(AF16>0,AF16,"x")/SUM($Y16:$AP16),"")*100 -> 9.2383771 | ... BE16: =IFERROR(IF(AH16>0,AH16,"x")/SUM($Y16:$AP16),"")*100 -> 1.9031207 | BG16: =IFERROR(IF(AJ16>0,AJ16,"x")/SUM($Y16:$AP16),"")*100 -> 3.1450193 | BH16: =IFERROR(IF(AK16>0,AK16,"x")/SUM($Y16:$AP16),"")*100 -> 10.635747 | BI16: =IFERROR(IF(AL16>0,AL16,"x")/SUM($Y16:$AP16),"")*100 -> 3.8661821 | BJ16: =IFERROR(IF(AM16>0,AM16,"x")/SUM($Y16:$AP16),"")*100 -> 8.1575694 | BK16: =IFERROR(IF(AN16>0,AN16,"x")/SUM($Y16:$AP16),"")*100 -> 1.7307908 | BL16: =IFERROR(IF(AO16>0,AO16,"x")/SUM($Y16:$AP16),"")*100 -> 2.0829431 | BM16: =IFERROR(IF(AP16>0,AP16,"x")/SUM($Y16:$AP16),"")*100 -> 11.246394
A17: N Facilitair (excl. 78) | B17: 14 | C17: 394 | D17: 1727 | E17: 418 | F17: 1796 | G17: 5193 | H17: 1664 | I17: 2466 | J17: 1037 | K17: 672 | L17: 403 | M17: 2114 | N17: . | O17: 1820 | P17: 773 | Q17: 4290 | R17: 701 | S17: 469 | T17: 6370 | U17: 28714 | V17: 61021 | X17: N Facilitair | Y17: =IFERROR(C17/1000,"") -> 0.394 | Z17: =IFERROR(D17/1000,"") -> 1.727 | AA17: =IFERROR(E17/1000,"") -> 0.418 | AB17: =IFERROR(F17/1000,"") -> 1.796 | AC17: =IFERROR(G17/1000,"") -> 5.193 | AD17: =IFERROR(H17/1000,"") -> 1.664 | AE17: =IFERROR(I17/1000,"") -> 2.466 | AF17: =IFERROR(J17/1000,"") -> 1.037 | ... AR17: =IFERROR(V17/1000,"") -> 61.021 | AU17: N Facilitair | AV17: =IFERROR(IF(Y17>0,Y17,"x")/SUM($Y17:$AP17),"")*100 -> 1.2195499 | AW17: =IFERROR(IF(Z17>0,Z17,"x")/SUM($Y17:$AP17),"")*100 -> 5.3455907 | AX17: =IFERROR(IF(AA17>0,AA17,"x")/SUM($Y17:$AP17),"")*100 -> 1.2938372 | AY17: =IFERROR(IF(AB17>0,AB17,"x")/SUM($Y17:$AP17),"")*100 -> 5.5591667 | AZ17: =IFERROR(IF(AC17>0,AC17,"x")/SUM($Y17:$AP17),"")*100 -> 16.073916 | BA17: =IFERROR(IF(AD17>0,AD17,"x")/SUM($Y17:$AP17),"")*100 -> 5.1505866 | BB17: =IFERROR(IF(AE17>0,AE17,"x")/SUM($Y17:$AP17),"")*100 -> 7.6330207 | BC17: =IFERROR(IF(AF17>0,AF17,"x")/SUM($Y17:$AP17),"")*100 -> 3.2098307 | ... BF17: =IFERROR(IF(AI17>0,AI17,"x")/SUM($Y17:$AP17),"")*100 -> 6.5434736 | BH17: =IFERROR(IF(AK17>0,AK17,"x")/SUM($Y17:$AP17),"")*100 -> 5.6334541 | BI17: =IFERROR(IF(AL17>0,AL17,"x")/SUM($Y17:$AP17),"")*100 -> 2.3926703 | BJ17: =IFERROR(IF(AM17>0,AM17,"x")/SUM($Y17:$AP17),"")*100 -> 13.278856 | BK17: =IFERROR(IF(AN17>0,AN17,"x")/SUM($Y17:$AP17),"")*100 -> 2.1698084 | BL17: =IFERROR(IF(AO17>0,AO17,"x")/SUM($Y17:$AP17),"")*100 -> 1.4516978 | BM17: =IFERROR(IF(AP17>0,AP17,"x")/SUM($Y17:$AP17),"")*100 -> 19.717089
A18: O Overheid | B18: 15 | C18: 66 | D18: 499 | E18: 331 | F18: 309 | G18: 730 | H18: 517 | I18: 214 | J18: 435 | K18: 278 | L18: 271 | M18: 1376 | N18: 350 | O18: . | P18: 961 | Q18: 2790 | R18: 324 | S18: 381 | T18: 1820 | U18: 25890 | V18: 37542 | X18: O Overheid | Y18: =IFERROR(C18/1000,"") -> 0.066 | Z18: =IFERROR(D18/1000,"") -> 0.499 | AA18: =IFERROR(E18/1000,"") -> 0.331 | AB18: =IFERROR(F18/1000,"") -> 0.309 | AC18: =IFERROR(G18/1000,"") -> 0.73 | AD18: =IFERROR(H18/1000,"") -> 0.517 | AE18: =IFERROR(I18/1000,"") -> 0.214 | AF18: =IFERROR(J18/1000,"") -> 0.435 | ... AR18: =IFERROR(V18/1000,"") -> 37.542 | AU18: O Overheid | AV18: =IFERROR(IF(Y18>0,Y18,"x")/SUM($Y18:$AP18),"")*100 -> 0.56642636 | AW18: =IFERROR(IF(Z18>0,Z18,"x")/SUM($Y18:$AP18),"")*100 -> 4.2825266 | AX18: =IFERROR(IF(AA18>0,AA18,"x")/SUM($Y18:$AP18),"")*100 -> 2.840714 | AY18: =IFERROR(IF(AB18>0,AB18,"x")/SUM($Y18:$AP18),"")*100 -> 2.6519053 | AZ18: =IFERROR(IF(AC18>0,AC18,"x")/SUM($Y18:$AP18),"")*100 -> 6.2650189 | BA18: =IFERROR(IF(AD18>0,AD18,"x")/SUM($Y18:$AP18),"")*100 -> 4.4370065 | BB18: =IFERROR(IF(AE18>0,AE18,"x")/SUM($Y18:$AP18),"")*100 -> 1.8365946 | BC18: =IFERROR(IF(AF18>0,AF18,"x")/SUM($Y18:$AP18),"")*100 -> 3.7332647 | ... BG18: =IFERROR(IF(AJ18>0,AJ18,"x")/SUM($Y18:$AP18),"")*100 -> 3.0037762 | BI18: =IFERROR(IF(AL18>0,AL18,"x")/SUM($Y18:$AP18),"")*100 -> 8.2475112 | BJ18: =IFERROR(IF(AM18>0,AM18,"x")/SUM($Y18:$AP18),"")*100 -> 23.944387 | BK18: =IFERROR(IF(AN18>0,AN18,"x")/SUM($Y18:$AP18),"")*100 -> 2.7806385 | BL18: =IFERROR(IF(AO18>0,AO18,"x")/SUM($Y18:$AP18),"")*100 -> 3.2698249 | BM18: =IFERROR(IF(AP18>0,AP18,"x")/SUM($Y18:$AP18),"")*100 -> 15.619636
A19: P Onderwijs | B19: 16 | C19: 122 | D19: 918 | E19: 203 | F19: 1973 | G19: 1907 | H19: 451 | I19: 836 | J19: 1023 | K19: 389 | L19: 223 | M19: 2309 | N19: 495 | O19: 2189 | P19: . | Q19: 5100 | R19: 953 | S19: 838 | T19: 2401 | U19: 37546 | V19: 59876 | X19: P Onderwijs | Y19: =IFERROR(C19/1000,"") -> 0.122 | Z19: =IFERROR(D19/1000,"") -> 0.918 | AA19: =IFERROR(E19/1000,"") -> 0.203 | AB19: =IFERROR(F19/1000,"") -> 1.973 | AC19: =IFERROR(G19/1000,"") -> 1.907 | AD19: =IFERROR(H19/1000,"") -> 0.451 | AE19: =IFERROR(I19/1000,"") -> 0.836 | AF19: =IFERROR(J19/1000,"") -> 1.023 | ... AR19: =IFERROR(V19/1000,"") -> 59.876 | AU19: P Onderwijs | AV19: =IFERROR(IF(Y19>0,Y19,"x")/SUM($Y19:$AP19),"")*100 -> 0.5463502 | AW19: =IFERROR(IF(Z19>0,Z19,"x")/SUM($Y19:$AP19),"")*100 -> 4.1110614 | AX19: =IFERROR(IF(AA19>0,AA19,"x")/SUM($Y19:$AP19),"")*100 -> 0.90909091 | AY19: =IFERROR(IF(AB19>0,AB19,"x")/SUM($Y19:$AP19),"")*100 -> 8.8356471 | AZ19: =IFERROR(IF(AC19>0,AC19,"x")/SUM($Y19:$AP19),"")*100 -> 8.5400806 | BA19: =IFERROR(IF(AD19>0,AD19,"x")/SUM($Y19:$AP19),"")*100 -> 2.0197044 | BB19: =IFERROR(IF(AE19>0,AE19,"x")/SUM($Y19:$AP19),"")*100 -> 3.7438424 | BC19: =IFERROR(IF(AF19>0,AF19,"x")/SUM($Y19:$AP19),"")*100 -> 4.5812808 | ... BH19: =IFERROR(IF(AK19>0,AK19,"x")/SUM($Y19:$AP19),"")*100 -> 9.8029557 | BJ19: =IFERROR(IF(AM19>0,AM19,"x")/SUM($Y19:$AP19),"")*100 -> 22.83923 | BK19: =IFERROR(IF(AN19>0,AN19,"x")/SUM($Y19:$AP19),"")*100 -> 4.2678012 | BL19: =IFERROR(IF(AO19>0,AO19,"x")/SUM($Y19:$AP19),"")*100 -> 3.7527989 | BM19: =IFERROR(IF(AP19>0,AP19,"x")/SUM($Y19:$AP19),"")*100 -> 10.752351
A20: Q Zorg | B20: 17 | C20: 391 | D20: 1581 | E20: 220 | F20: 826 | G20: 7186 | H20: 1179 | I20: 3291 | J20: 1020 | K20: 771 | L20: 791 | M20: 4058 | N20: 2130 | O20: 6003 | P20: 5594 | Q20: . | R20: 1538 | S20: 1806 | T20: 8399 | U20: 87849 | V20: 134633 | X20: Q Zorg & Welzijn | Y20: =IFERROR(C20/1000,"") -> 0.391 | Z20: =IFERROR(D20/1000,"") -> 1.581 | AA20: =IFERROR(E20/1000,"") -> 0.22 | AB20: =IFERROR(F20/1000,"") -> 0.826 | AC20: =IFERROR(G20/1000,"") -> 7.186 | AD20: =IFERROR(H20/1000,"") -> 1.179 | AE20: =IFERROR(I20/1000,"") -> 3.291 | AF20: =IFERROR(J20/1000,"") -> 1.02 | ... AR20: =IFERROR(V20/1000,"") -> 134.633 | AU20: Q Zorg & Welzijn | AV20: =IFERROR(IF(Y20>0,Y20,"x")/SUM($Y20:$AP20),"")*100 -> 0.83575581 | AW20: =IFERROR(IF(Z20>0,Z20,"x")/SUM($Y20:$AP20),"")*100 -> 3.3793605 | AX20: =IFERROR(IF(AA20>0,AA20,"x")/SUM($Y20:$AP20),"")*100 -> 0.47024624 | AY20: =IFERROR(IF(AB20>0,AB20,"x")/SUM($Y20:$AP20),"")*100 -> 1.7655609 | AZ20: =IFERROR(IF(AC20>0,AC20,"x")/SUM($Y20:$AP20),"")*100 -> 15.359952 | BA20: =IFERROR(IF(AD20>0,AD20,"x")/SUM($Y20:$AP20),"")*100 -> 2.5200923 | BB20: =IFERROR(IF(AE20>0,AE20,"x")/SUM($Y20:$AP20),"")*100 -> 7.0344562 | BC20: =IFERROR(IF(AF20>0,AF20,"x")/SUM($Y20:$AP20),"")*100 -> 2.1802326 | ... BI20: =IFERROR(IF(AL20>0,AL20,"x")/SUM($Y20:$AP20),"")*100 -> 11.957079 | BK20: =IFERROR(IF(AN20>0,AN20,"x")/SUM($Y20:$AP20),"")*100 -> 3.2874487 | BL20: =IFERROR(IF(AO20>0,AO20,"x")/SUM($Y20:$AP20),"")*100 -> 3.8602941 | BM20: =IFERROR(IF(AP20>0,AP20,"x")/SUM($Y20:$AP20),"")*100 -> 17.952719
A21: R Cultuur & Recreatie | B21: 18 | C21: 144 | D21: 567 | E21: 67 | F21: 338 | G21: 3339 | H21: 549 | I21: 2914 | J21: 661 | K21: 211 | L21: 200 | M21: 1243 | N21: 1033 | O21: 1275 | P21: 1378 | Q21: 3050 | R21: . | S21: 515 | T21: 2604 | U21: 15343 | V21: 35431 | X21: R Cultuur & Recreatie | Y21: =IFERROR(C21/1000,"") -> 0.144 | Z21: =IFERROR(D21/1000,"") -> 0.567 | AA21: =IFERROR(E21/1000,"") -> 0.067 | AB21: =IFERROR(F21/1000,"") -> 0.338 | AC21: =IFERROR(G21/1000,"") -> 3.339 | AD21: =IFERROR(H21/1000,"") -> 0.549 | AE21: =IFERROR(I21/1000,"") -> 2.914 | AF21: =IFERROR(J21/1000,"") -> 0.661 | ... AR21: =IFERROR(V21/1000,"") -> 35.431 | AU21: R Cultuur & Recreatie | AV21: =IFERROR(IF(Y21>0,Y21,"x")/SUM($Y21:$AP21),"")*100 -> 0.71684588 | AW21: =IFERROR(IF(Z21>0,Z21,"x")/SUM($Y21:$AP21),"")*100 -> 2.8225806 | AX21: =IFERROR(IF(AA21>0,AA21,"x")/SUM($Y21:$AP21),"")*100 -> 0.33353246 | AY21: =IFERROR(IF(AB21>0,AB21,"x")/SUM($Y21:$AP21),"")*100 -> 1.6825966 | AZ21: =IFERROR(IF(AC21>0,AC21,"x")/SUM($Y21:$AP21),"")*100 -> 16.621864 | BA21: =IFERROR(IF(AD21>0,AD21,"x")/SUM($Y21:$AP21),"")*100 -> 2.7329749 | BB21: =IFERROR(IF(AE21>0,AE21,"x")/SUM($Y21:$AP21),"")*100 -> 14.506173 | BC21: =IFERROR(IF(AF21>0,AF21,"x")/SUM($Y21:$AP21),"")*100 -> 3.2905217 | ... BJ21: =IFERROR(IF(AM21>0,AM21,"x")/SUM($Y21:$AP21),"")*100 -> 15.183194 | BL21: =IFERROR(IF(AO21>0,AO21,"x")/SUM($Y21:$AP21),"")*100 -> 2.5637196 | BM21: =IFERROR(IF(AP21>0,AP21,"x")/SUM($Y21:$AP21),"")*100 -> 12.962963
A22: S Overige diensten | B22: 19 | C22: 75 | D22: 545 | E22: 85 | F22: 475 | G22: 1763 | H22: 446 | I22: 740 | J22: 343 | K22: 222 | L22: 165 | M22: 812 | N22: 542 | O22: 906 | P22: 762 | Q22: 2372 | R22: 371 | S22: . | T22: 1261 | U22: 11715 | V22: 23600 | X22: S Overig | Y22: =IFERROR(C22/1000,"") -> 0.075 | Z22: =IFERROR(D22/1000,"") -> 0.545 | AA22: =IFERROR(E22/1000,"") -> 0.085 | AB22: =IFERROR(F22/1000,"") -> 0.475 | AC22: =IFERROR(G22/1000,"") -> 1.763 | AD22: =IFERROR(H22/1000,"") -> 0.446 | AE22: =IFERROR(I22/1000,"") -> 0.74 | AF22: =IFERROR(J22/1000,"") -> 0.343 | ... AR22: =IFERROR(V22/1000,"") -> 23.6 | AU22: S Overig | AV22: =IFERROR(IF(Y22>0,Y22,"x")/SUM($Y22:$AP22),"")*100 -> 0.63104754 | AW22: =IFERROR(IF(Z22>0,Z22,"x")/SUM($Y22:$AP22),"")*100 -> 4.5856121 | AX22: =IFERROR(IF(AA22>0,AA22,"x")/SUM($Y22:$AP22),"")*100 -> 0.71518721 | AY22: =IFERROR(IF(AB22>0,AB22,"x")/SUM($Y22:$AP22),"")*100 -> 3.9966344 | AZ22: =IFERROR(IF(AC22>0,AC22,"x")/SUM($Y22:$AP22),"")*100 -> 14.833824 | BA22: =IFERROR(IF(AD22>0,AD22,"x")/SUM($Y22:$AP22),"")*100 -> 3.7526294 | BB22: =IFERROR(IF(AE22>0,AE22,"x")/SUM($Y22:$AP22),"")*100 -> 6.2263357 | BC22: =IFERROR(IF(AF22>0,AF22,"x")/SUM($Y22:$AP22),"")*100 -> 2.8859907 | ... BK22: =IFERROR(IF(AN22>0,AN22,"x")/SUM($Y22:$AP22),"")*100 -> 3.1215818 | BM22: =IFERROR(IF(AP22>0,AP22,"x")/SUM($Y22:$AP22),"")*100 -> 10.610013
A23: 78 Uitzend | B23: 78 | C23: 3063 | D23: 21068 | E23: 2532 | F23: 8165 | G23: 25999 | H23: 13321 | I23: 12373 | J23: 4993 | K23: 3924 | L23: 1420 | M23: 10086 | N23: 9083 | O23: 10293 | P23: 3921 | Q23: 12778 | R23: 2870 | S23: 2085 | T23: . | U23: 157140 | V23: 305114 | X23: 78 Uitzend | Y23: =IFERROR(C23/1000,"") -> 3.063 | Z23: =IFERROR(D23/1000,"") -> 21.068 | AA23: =IFERROR(E23/1000,"") -> 2.532 | AB23: =IFERROR(F23/1000,"") -> 8.165 | AC23: =IFERROR(G23/1000,"") -> 25.999 | AD23: =IFERROR(H23/1000,"") -> 13.321 | AE23: =IFERROR(I23/1000,"") -> 12.373 | AF23: =IFERROR(J23/1000,"") -> 4.993 | ... AR23: =IFERROR(V23/1000,"") -> 305.114 | AU23: 78 Uitzend | AV23: =IFERROR(IF(Y23>0,Y23,"x")/SUM($Y23:$AP23),"")*100 -> 2.0699582 | AW23: =IFERROR(IF(Z23>0,Z23,"x")/SUM($Y23:$AP23),"")*100 -> 14.237636 | AX23: =IFERROR(IF(AA23>0,AA23,"x")/SUM($Y23:$AP23),"")*100 -> 1.7111114 | AY23: =IFERROR(IF(AB23>0,AB23,"x")/SUM($Y23:$AP23),"")*100 -> 5.5178612 | AZ23: =IFERROR(IF(AC23>0,AC23,"x")/SUM($Y23:$AP23),"")*100 -> 17.569979 | BA23: =IFERROR(IF(AD23>0,AD23,"x")/SUM($Y23:$AP23),"")*100 -> 9.0022572 | BB23: =IFERROR(IF(AE23>0,AE23,"x")/SUM($Y23:$AP23),"")*100 -> 8.3616041 | BC23: =IFERROR(IF(AF23>0,AF23,"x")/SUM($Y23:$AP23),"")*100 -> 3.3742414 | ... BL23: =IFERROR(IF(AO23>0,AO23,"x")/SUM($Y23:$AP23),"")*100 -> 1.4090313
B25: Total | C25: 8753 | D25: 59974 | E25: 10815 | F25: 32191 | G25: 102200 | H25: 37268 | I25: 55661 | J25: 25950 | K25: 16795 | L25: 8802 | M25: 59224 | N25: 33838 | O25: 45049 | P25: 28121 | Q25: 86498 | R25: 19154 | S25: 14222 | T25: 99790 | U25: 768718 | V25: 1513023 | X25: Total | Y25: =IFERROR(C25/1000,"") -> 8.753 | Z25: =IFERROR(D25/1000,"") -> 59.974 | AA25: =IFERROR(E25/1000,"") -> 10.815 | AB25: =IFERROR(F25/1000,"") -> 32.191 | AC25: =IFERROR(G25/1000,"") -> 102.2 | AD25: =IFERROR(H25/1000,"") -> 37.268 | AE25: =IFERROR(I25/1000,"") -> 55.661 | AF25: =IFERROR(J25/1000,"") -> 25.95 | ... AR25: =IFERROR(V25/1000,"") -> 1513.023

Sheet T_B.1.1
A1: CBS OUTPUT | J1: TABEL ANALYSE
B2: logit_beid | C2: logit_beidageopl | D2: logit_beidageflex | E2: logit_beidsizeflex | F2: logit_sector | G2: logit_beidyear | H2: logit_numeriek | J2: Variabele | K2: Basis logit (1) | L2: Leeftijd x opleidingsniv. (2) | M2: Leeftijd x Contract type (3) | N2: Bedrijfsgr. x Contract type (4)
B3: b/se | C3: b/se | D3: b/se | E3: b/se | F3: b/se | G3: b/se | H3: b/se
A4: main
A5: Minder dan 2 jaar | B5: 0 | C5: 0 | D5: 0 | E5: 0 | F5: 0 | G5: 0 | J5: Geslacht (Man = baseline)
B6: (.) | C6: (.) | D6: (.) | E6: (.) | F6: (.) | G6: (.) | J6: Vrouw | K6: 0.003*** | L6: 0.003*** | M6: 0.003*** | N6: 0.003***
A7: 2 tot 5 jaar | B7: -0,0492*** | C7: -0,0487*** | D7: -0,0487*** | E7: -0,0485*** | F7: -0,0295*** | G7: -0,0508*** | K7: (0.000) | L7: (0.000) | M7: (0.000) | N7: (0.000)
B8: (0,0001) | C8: (0,0001) | D8: (0,0001) | E8: (0,0001) | F8: (0,0001) | G8: (0,0001) | J8: Leeftijd (15-25 = baseline)
A9: 5 tot 10 jaar | B9: -0,0717*** | C9: -0,0712*** | D9: -0,0695*** | E9: -0,0706*** | F9: -0,0479*** | G9: -0,0812*** | J9: 25 tot 35 | K9: -0.035*** | N9: -0.035***
B10: (0,0002) | C10: (0,0002) | D10: (0,0002) | E10: (0,0002) | F10: (0,0001) | G10: (0,0002) | K10: (0.000) | N10: (0.000)
A11: 10 jaar of meer | B11: -0,1003*** | C11: -0,1002*** | D11: -0,0969*** | E11: -0,0988*** | F11: -0,0693*** | G11: -0,1103*** | J11: 35 tot 45 | K11: -0.066*** | N11: -0.066***
B12: (0,0002) | C12: (0,0002) | D12: (0,0002) | E12: (0,0002) | F12: (0,0002) | G12: (0,0002) | K12: (0.000) | N12: (0.000)
A13: 15 tot 25 | B13: 0 | C13: 0 | D13: 0 | E13: 0 | F13: 0 | G13: 0 | J13: 45 tot 55 | K13: -0.078*** | N13: -0.078***
B14: (.) | C14: (.) | D14: (.) | E14: (.) | F14: (.) | G14: (.) | K14: (0.000) | N14: (0.000)
A15: 25 tot 35 | B15: -0,0349*** | C15: -0,0376*** | D15: -0,0414*** | E15: -0,0346*** | F15: -0,0256*** | G15: -0,0345*** | J15: 55 tot 65 | K15: -0.108*** | N15: -0.108***
B16: (0,0002) | C16: (0,0002) | D16: (0,0002) | E16: (0,0002) | F16: (0,0001) | G16: (0,0002) | K16: (0.000) | N16: (0.000)
A17: 35 tot 45 | B17: -0,0662*** | C17: -0,0685*** | D17: -0,0768*** | E17: -0,0655*** | F17: -0,0506*** | G17: -0,0646*** | J17: 65 tot 75 | K17: -0.157*** | N17: -0.156***
B18: (0,0002) | C18: (0,0002) | D18: (0,0002) | E18: (0,0002) | F18: (0,0001) | G18: (0,0002) | K18: (0.000) | N18: (0.000)
A19: 45 tot 55 | B19: -0,0782*** | C19: -0,0813*** | D19: -0,0876*** | E19: -0,0775*** | F19: -0,0590*** | G19: -0,0773*** | J19: Opleiding (Laag opgeleid = baseline)
B20: (0,0002) | C20: (0,0002) | D20: (0,0002) | E20: (0,0002) | F20: (0,0001) | G20: (0,0002) | J20: Medium | K20: 0.009*** | M20: 0.008*** | N20: 0.009***
A21: 55 tot 65 | B21: -0,1084*** | C21: -0,1112*** | D21: -0,1164*** | E21: -0,1076*** | F21: -0,0789*** | G21: -0,1078*** | K21: (0.000) | M21: (0.000) | N21: (0.000)
B22: (0,0002) | C22: (0,0002) | D22: (0,0002) | E22: (0,0002) | F22: (0,0002) | G22: (0,0002) | J22: Bachelor | K22: 0.018*** | M22: 0.018*** | N22: 0.019***
A23: 65 tot 75 | B23: -0,1565*** | C23: -0,1581*** | D23: -0,1598*** | E23: -0,1562*** | F23: -0,1049*** | G23: -0,1563*** | K23: (0.000) | M23: (0.000) | N23: (0.000)
B24: (0,0004) | C24: (0,0004) | D24: (0,0005) | E24: (0,0004) | F24: (0,0003) | G24: (0,0004) | J24: Master | K24: 0.025*** | M24: 0.026*** | N24: 0.026***
A25: Man | B25: 0 | C25: 0 | D25: 0 | E25: 0 | F25: 0 | G25: 0 | H25: 0 | K25: (0.000) | M25: (0.000) | N25: (0.000)
B26: (.) | C26: (.) | D26: (.) | E26: (.) | F26: (.) | G26: (.) | H26: (.) | J26: Contract (Onbepaalde tijd = baseline)
A27: Vrouw | B27: 0,0028*** | C27: 0,0029*** | D27: 0,0029*** | E27: 0,0028*** | F27: 0,0037*** | G27: 0,0025*** | H27: 0,0023*** | J27: Bepaalde tijd | K27: 0.077*** | L27: 0.076***
B28: (0,0001) | C28: (0,0001) | D28: (0,0001) | E28: (0,0001) | F28: (0,0001) | G28: (0,0001) | H28: (0,0001) | K28: (0.00) | L28: (0.00)
A29: Nederlands | B29: 0 | C29: 0 | D29: 0 | E29: 0 | F29: 0 | G29: 0 | H29: 0 | J29: Uitzend | K29: 0.163*** | L29: 0.163***
B30: (.) | C30: (.) | D30: (.) | E30: (.) | F30: (.) | G30: (.) | H30: (.) | K30: (0.00) | L30: (0.00)
A31: Westers | B31: 0,0040*** | C31: 0,0040*** | D31: 0,0033*** | E31: 0,0040*** | F31: -0.0001 | G31: 0,0035*** | H31: 0,0029*** | J31: Oproep | K31: 0.094*** | L31: 0.094***
B32: (0,0002) | C32: (0,0002) | D32: (0,0002) | E32: (0,0002) | F32: (0,0001) | G32: (0,0002) | H32: (0,0002) | K32: (0.00) | L32: (0.00)
A33: Niet-Westers | B33: 0,0090*** | C33: 0,0091*** | D33: 0,0085*** | E33: 0,0088*** | F33: 0,0014*** | G33: 0,0078*** | H33: 0,0068*** | J33: Bedrijfsgrootte (Micro: <10 = baseline)
B34: (0,0001) | C34: (0,0001) | D34: (0,0001) | E34: (0,0001) | F34: (0,0001) | G34: (0,0001) | H34: (0,0001) | J34: Small: 10-50 employees | K34: -0.003*** | L34: -0.003*** | M34: -0.003***
A35: Lower | B35: 0 | C35: 0 | D35: 0 | E35: 0 | F35: 0 | G35: 0 | H35: 0 | K35: (0.000) | L35: (0.000) | M35: (0.000)
B36: (.) | C36: (.) | D36: (.) | E36: (.) | F36: (.) | G36: (.) | H36: (.) | J36: Medium: 50-250 employees | K36: -0.002*** | L36: -0.002*** | M36: -0.001***
A37: Medium | B37: 0,0089*** | C37: 0,0098*** | D37: 0,0081*** | E37: 0,0089*** | F37: 0,0136*** | G37: 0,0086*** | H37: 0,0088*** | K37: (0.000) | L37: (0.000) | M37: (0.000)
B38: (0,0001) | C38: (0,0001) | D38: (0,0001) | E38: (0,0001) | F38: (0,0001) | G38: (0,0001) | H38: (0,0001) | J38: Large: >250 employees | K38: -0.022*** | L38: -0.022*** | M38: -0.020***
A39: Bachelor | B39: 0,0183*** | C39: 0,0207*** | D39: 0,0182*** | E39: 0,0186*** | F39: 0,0257*** | G39: 0,0172*** | H39: 0,0156*** | K39: (0.000) | L39: (0.000) | M39: (0.000)
B40: (0,0002) | C40: (0,0002) | D40: (0,0002) | E40: (0,0002) | F40: (0,0001) | G40: (0,0002) | H40: (0,0002) | J40: Dienstjaren (1 tot 2 jaar = baseline)
A41: Master | B41: 0,0252*** | C41: 0,0297*** | D41: 0,0261*** | E41: 0,0255*** | F41: 0,0239*** | G41: 0,0234*** | H41: 0,0207*** | J41: 2 tot 5 jaar | K41: -0.049*** | L41: -0.049*** | M41: -0.049*** | N41: -0.049***
B42: (0,0002) | C42: (0,0003) | D42: (0,0002) | E42: (0,0002) | F42: (0,0002) | G42: (0,0002) | H42: (0,0002) | K42: (0.000) | L42: (0.000) | M42: (0.000) | N42: (0.000)
A43: Landbouw, bosbouw en visserij | B43: 0 | C43: 0 | D43: 0 | E43: 0 | F43: 0 | G43: 0 | H43: 0 | J43: 5 tot 10 jaar | K43: -0.072*** | L43: -0.071*** | M43: -0.070*** | N43: -0.071***
B44: (.) | C44: (.) | D44: (.) | E44: (.) | F44: (.) | G44: (.) | H44: (.) | K44: (0.000) | L44: (0.000) | M44: (0.000) | N44: (0.000)
A45: Winning van delfstoffen | B45: -0,0417*** | C45: -0,0415*** | D45: -0,0389*** | E45: -0,0419*** | F45: 0,0120*** | G45: -0,0414*** | H45: -0,0406*** | J45: 10 jaar of meer | K45: -0.100*** | L45: -0.100*** | M45: -0.097*** | N45: -0.06***
B46: (0,0016) | C46: (0,0016) | D46: (0,0017) | E46: (0,0017) | F46: (0,0017) | G46: (0,0017) | H46: (0,0017) | K46: (0.000) | L46: (0.000) | M46: (0.000) | N46: (0.000)
A47: Industrie | B47: -0,0141*** | C47: -0,0140*** | D47: -0,0120*** | E47: -0,0144*** | F47: -0,0244*** | G47: -0,0145*** | H47: -0,0134***
B48: (0,0005) | C48: (0,0005) | D48: (0,0005) | E48: (0,0005) | F48: (0,0005) | G48: (0,0005) | H48: (0,0005) | J48: Interactietermen
A49: Productie en distributie van en handel in elektriciteit, aardgas, stoom en gekoelde lucht | B49: 0,0347*** | C49: 0,0347*** | D49: 0,0378*** | E49: 0,0365*** | F49: 0,0078*** | G49: 0,0345*** | H49: 0,0354*** | J49: Leeftijd × Opleiding
B50: (0,0010) | C50: (0,0010) | D50: (0,0010) | E50: (0,0010) | F50: (0,0009) | G50: (0,0010) | H50: (0,0010) | J50: (15 tot 25 = baseline)
A51: Winning en distributie van water; afval- en afvalwaterbeheer en sanering | B51: -0,0096*** | C51: -0,0096*** | D51: -0,0071*** | E51: -0,0099*** | F51: 0,0145*** | G51: -0,0103*** | H51: -0,0097*** | J51: 25 tot 35 # Lower | L51: -0.036***
B52: (0,0009) | C52: (0,0009) | D52: (0,0009) | E52: (0,0009) | F52: (0,0009) | G52: (0,0009) | H52: (0,0009) | L52: (0.000)
A53: Bouwnijverheid | B53: -0.0009 | C53: -0.0009 | D53: 0.0008 | E53: -0,0021*** | F53: -0,0296*** | G53: -0,0013* | H53: -0.0007 | J53: 25 tot 35 # Medium | L53: -0.030***
B54: (0,0005) | C54: (0,0005) | D54: (0,0005) | E54: (0,0005) | F54: (0,0005) | G54: (0,0005) | H54: (0,0005) | L54: (0.000)
A55: Groot- en detailhandel; reparatie van auto's | B55: 0,0212*** | C55: 0,0211*** | D55: 0,0220*** | E55: 0,0194*** | F55: -0,0293*** | G55: 0,0206*** | H55: 0,0209*** | J55: 25 tot 35 # Bachelor | L55: -0.046***
B56: (0,0005) | C56: (0,0005) | D56: (0,0005) | E56: (0,0005) | F56: (0,0004) | G56: (0,0005) | H56: (0,0005) | L56: (0.000)
A57: Vervoer en opslag | B57: 0,0131*** | C57: 0,0135*** | D57: 0,0148*** | E57: 0,0129*** | F57: -0,0177*** | G57: 0,0125*** | H57: 0,0130*** | J57: 25 tot 35 # Master | L57: -0.049***
B58: (0,0005) | C58: (0,0005) | D58: (0,0005) | E58: (0,0005) | F58: (0,0005) | G58: (0,0005) | H58: (0,0005) | L58: (0.001)
A59: Logies-, maaltijd- en drankverstrekking | B59: 0,0656*** | C59: 0,0656*** | D59: 0,0656*** | E59: 0,0680*** | F59: -0,0077*** | G59: 0,0648*** | H59: 0,0657*** | J59: 35 tot 45 # Lower | L59: -0.069***
B60: (0,0005) | C60: (0,0005) | D60: (0,0005) | E60: (0,0005) | F60: (0,0004) | G60: (0,0005) | H60: (0,0005) | L60: (0.000)
A61: Informatie en communicatie | B61: 0,0254*** | C61: 0,0257*** | D61: 0,0283*** | E61: 0,0247*** | F61: -0,0138*** | G61: 0,0245*** | H61: 0,0247*** | J61: 35 tot 45 # Medium | L61: -0.056***
B62: (0,0005) | C62: (0,0005) | D62: (0,0005) | E62: (0,0005) | F62: (0,0005) | G62: (0,0005) | H62: (0,0005) | L62: (0.000)
A63: FinanciÃ«le instellingen | B63: 0,0532*** | C63: 0,0535*** | D63: 0,0563*** | E63: 0,0543*** | F63: -0,0176*** | G63: 0,0542*** | H63: 0,0552*** | J63: 35 tot 45 # Bachelor | L63: -0.080***
B64: (0,0006) | C64: (0,0006) | D64: (0,0006) | E64: (0,0006) | F64: (0,0005) | G64: (0,0006) | H64: (0,0006) | L64: (0.000)
A65: Verhuur van en handel in onroerend goed | B65: -0,0048*** | C65: -0,0047*** | D65: -0,0023** | E65: -0,0059*** | F65: 0.0008 | G65: -0,0052*** | H65: -0,0048*** | J65: 35 tot 45 # Master | L65: -0.087***
B66: (0,0007) | C66: (0,0007) | D66: (0,0007) | E66: (0,0007) | F66: (0,0007) | G66: (0,0007) | H66: (0,0007) | L66: (0.001)
A67: Advisering, onderzoek en overige specialistische zakelijke dienstverlening | B67: 0,0256*** | C67: 0,0255*** | D67: 0,0281*** | E67: 0,0245*** | F67: 0,0137*** | G67: 0,0254*** | H67: 0,0256*** | J67: 45 tot 55 # Lower | L67: -0.086***
B68: (0,0005) | C68: (0,0005) | D68: (0,0005) | E68: (0,0005) | F68: (0,0005) | G68: (0,0005) | H68: (0,0005) | L68: (0.000)
A69: Verhuur van roerende goederen en overige zakelijke dienstverlening | B69: 0,0525*** | C69: 0,0531*** | D69: 0,0539*** | E69: 0,0522*** | F69: 0,0338*** | G69: 0,0519*** | H69: 0,0520*** | J69: 45 tot 55 # Medium | L69: -0.070***
B70: (0,0006) | C70: (0,0006) | D70: (0,0006) | E70: (0,0006) | F70: (0,0005) | G70: (0,0006) | H70: (0,0006) | L70: (0.000)
A71: Openbaar bestuur, overheidsdiensten en verplichte sociale verzekeringen | B71: -0,0876*** | C71: -0,0875*** | D71: -0,0853*** | E71: -0,0874*** | F71: -0,1036*** | G71: -0,0876*** | H71: -0,0866*** | J71: 45 tot 55 # Bachelor | L71: -0.086***
B72: (0,0005) | C72: (0,0005) | D72: (0,0005) | E72: (0,0005) | F72: (0,0005) | G72: (0,0005) | H72: (0,0005) | L72: (0.000)
A73: Onderwijs | B73: -0,0583*** | C73: -0,0582*** | D73: -0,0562*** | E73: -0,0589*** | F73: -0,0912*** | G73: -0,0579*** | H73: -0,0570*** | J73: 45 tot 55 # Master | L73: -0.103***
B74: (0,0005) | C74: (0,0005) | D74: (0,0005) | E74: (0,0005) | F74: (0,0004) | G74: (0,0005) | H74: (0,0005) | L74: (0.001)
A75: Gezondheids- en welzijnszorg | B75: -0,0088*** | C75: -0,0088*** | D75: -0,0070*** | E75: -0,0092*** | F75: -0,0986*** | G75: -0,0086*** | H75: -0,0082*** | J75: 55 tot 65 # Lower | L75: -0.115***
B76: (0,0005) | C76: (0,0005) | D76: (0,0005) | E76: (0,0005) | F76: (0,0004) | G76: (0,0005) | H76: (0,0005) | L76: (0.000)
A77: Cultuur, sport en recreatie | B77: 0,0122*** | C77: 0,0125*** | D77: 0,0131*** | E77: 0,0121*** | F77: 0,0069*** | G77: 0,0122*** | H77: 0,0129*** | J77: 55 tot 65 # Medium | L77: -0.103***
B78: (0,0006) | C78: (0,0006) | D78: (0,0006) | E78: (0,0006) | F78: (0,0005) | G78: (0,0006) | H78: (0,0006) | L78: (0.000)
A79: Overige dienstverlening | B79: 0,0050*** | C79: 0,0052*** | D79: 0,0065*** | E79: 0,0042*** | F79: -0,0043*** | G79: 0,0056*** | H79: 0,0064*** | J79: 55 tot 65 # Bachelor | L79: -0.111***
B80: (0,0006) | C80: (0,0006) | D80: (0,0006) | E80: (0,0006) | F80: (0,0005) | G80: (0,0006) | H80: (0,0006) | L80: (0.001)
A81: Uitzendsector | B81: 0,1652*** | C81: 0,1654*** | D81: 0,1652*** | E81: 0,1618*** | F81: 0,0991*** | G81: 0,1622*** | H81: 0,1621*** | J81: 55 tot 65 # Master | L81: -0.128***
B82: (0,0006) | C82: (0,0006) | D82: (0,0006) | E82: (0,0006) | F82: (0,0005) | G82: (0,0006) | H82: (0,0006) | L82: (0.001)
A83: Micro: <10 employees | B83: 0 | C83: 0 | D83: 0 | E83: 0 | F83: 0 | G83: 0 | H83: 0
B84: (.) | C84: (.) | D84: (.) | E84: (.) | F84: (.) | G84: (.) | H84: (.)
A85: Small: 10-50 employees | B85: -0,0033*** | C85: -0,0033*** | D85: -0,0026*** | E85: -0,0064*** | F85: -0,0031*** | G85: -0,0031*** | H85: -0,0032*** | J85: 65 tot 75 # Lower | L85: -0.159***
B86: (0,0002) | C86: (0,0002) | D86: (0,0002) | E86: (0,0002) | F86: (0,0001) | G86: (0,0002) | H86: (0,0002) | L86: (0.001)
A87: Medium: 50-250 employees | B87: -0,0024*** | C87: -0,0024*** | D87: -0,0011*** | E87: -0,0066*** | F87: -0,0070*** | G87: -0,0020*** | H87: -0,0018*** | J87: 65 tot 75 # Medium | L87: -0.152***
B88: (0,0002) | C88: (0,0002) | D88: (0,0002) | E88: (0,0002) | F88: (0,0001) | G88: (0,0002) | H88: (0,0002) | L88: (0.001)
A89: Large: >250 employees | B89: -0,0215*** | C89: -0,0216*** | D89: -0,0200*** | E89: -0,0248*** | F89: -0,0231*** | G89: -0,0208*** | H89: -0,0200*** | J89: 65 tot 75 # Bachelor | L89: -0.161***
B90: (0,0002) | C90: (0,0002) | D90: (0,0002) | E90: (0,0002) | F90: (0,0001) | G90: (0,0002) | H90: (0,0002) | L90: (0.001)
A91: Onbepaalde tijd | B91: 0 | C91: 0 | D91: 0 | E91: 0 | F91: 0 | G91: 0 | H91: 0 | J91: 65 tot 75 # Master | L91: -0.162***
B92: (.) | C92: (.) | D92: (.) | E92: (.) | F92: (.) | G92: (.) | H92: (.) | L92: (0.002)
A93: Bepaalde tijd | B93: 0,0765*** | C93: 0,0763*** | D93: 0,0755*** | E93: 0,0782*** | F93: 0,0534*** | G93: 0,0725*** | H93: 0,0759*** | J93: Leeftijd × Opleiding
B94: (0,0001) | C94: (0,0001) | D94: (0,0001) | E94: (0,0001) | F94: (0,0001) | G94: (0,0001) | H94: (0,0001) | J94: (Laag opgeleid = baseline)
A95: Uitzend | B95: 0,1634*** | C95: 0,1634*** | D95: 0,1669*** | E95: 0,1732*** | F95: 0,0776*** | G95: 0,1598*** | H95: 0,1629*** | J95: Medium # 15 tot 25 | L95: 0.003***
B96: (0,0004) | C96: (0,0004) | D96: (0,0004) | E96: (0,0005) | F96: (0,0003) | G96: (0,0004) | H96: (0,0004) | L96: (0.000)
A97: Oproep | B97: 0,0936*** | C97: 0,0935*** | D97: 0,0971*** | E97: 0,0982*** | F97: 0,0739*** | G97: 0,0870*** | H97: 0,0896*** | J97: Medium # 25 tot 35 | L97: 0.008***
B98: (0,0002) | C98: (0,0002) | D98: (0,0003) | E98: (0,0002) | F98: (0,0002) | G98: (0,0002) | H98: (0,0002) | L98: (0.000)
A99: <12 | B99: 0 | C99: 0 | D99: 0 | E99: 0 | F99: 0 | G99: 0 | H99: 0 | J99: Medium # 35 tot 45 | L99: 0.015***
B100: (.) | C100: (.) | D100: (.) | E100: (.) | F100: (.) | G100: (.) | H100: (.) | L100: (0.000)
...

Sheet F_B.2.1
A2: table sbi2 flex if hoofdbaan==1 & year==2024, row col // iedereen | J2: TBV FIGUUR
C4: Onbepaald | D4: Bepaalde | E4: Uitzend | F4: Oproep | G4: Total
K5: Onbepaald | L5: tijdelijk | M5: uitzend | N5: oproep | O5: Total
A6: A Agrarisch | B6: 1 | C6: 53688 | D6: 14342 | E6: 1219 | F6: 33197 | G6: 102446 | H6: =SUM(C6:F6)=G6 -> TRUE | J6: A Agrarisch | K6: =C6/$G6 -> 0.52406146 | L6: =D6/$G6 -> 0.13999571 | M6: =E6/$G6 -> 0.011898952 | N6: =F6/$G6 -> 0.32404389 | O6: =SUM(K6:N6) -> 1
A7: C Industrie | B7: 3 | C7: 597855 | D7: 100985 | E7: 457 | F7: 27427 | G7: 726724 | H7: =SUM(C7:F7)=G7 -> TRUE | J7: C* Industrie | K7: =C7/$G7 -> 0.82267133 | L7: =D7/$G7 -> 0.13895922 | M7: =E7/$G7 -> 0.00062884947 | N7: =F7/$G7 -> 0.0377406 | O7: =SUM(K7:N7) -> 1
A8: D Energie | B8: 4 | C8: 64064 | D8: 12310 | G8: 77283 | H8: =SUM(C8:F8)=G8 -> FALSE | J8: D** Energie^ | K8: =C8/$G8 -> 0.82895333 | L8: =D8/$G8 -> 0.15928471 | N8: =1-K8-L8 -> 0.011761966 | O8: =SUM(K8:N8) -> 1
A9: F Bouw | B9: 6 | C9: 272373 | D9: 50268 | E9: 1063 | F9: 9426 | G9: 333130 | H9: =SUM(C9:F9)=G9 -> TRUE | J9: F Bouwnijverheid | K9: =C9/$G9 -> 0.81761775 | L9: =D9/$G9 -> 0.15089605 | M9: =E9/$G9 -> 0.0031909465 | N9: =F9/$G9 -> 0.02829526 | O9: =SUM(K9:N9) -> 1
A10: G Handel | B10: 7 | C10: 744597 | D10: 340724 | E10: 487 | F10: 273310 | G10: 1359118 | H10: =SUM(C10:F10)=G10 -> TRUE | J10: G Handel | K10: =C10/$G10 -> 0.54785309 | L10: =D10/$G10 -> 0.25069494 | M10: =E10/$G10 -> 0.00035832062 | N10: =F10/$G10 -> 0.20109365 | O10: =SUM(K10:N10) -> 1
A11: H Logistiek | B11: 8 | C11: 288287 | D11: 64968 | E11: 209 | F11: 33401 | G11: 386865 | H11: =SUM(C11:F11)=G11 -> TRUE | J11: H Vervoer & Logistiek | K11: =C11/$G11 -> 0.7451876 | L11: =D11/$G11 -> 0.16793455 | M11: =E11/$G11 -> 0.00054024014 | N11: =F11/$G11 -> 0.086337611 | O11: =SUM(K11:N11) -> 1
A12: I Horeca | B12: 9 | C12: 109276 | D12: 96063 | E12: 89 | F12: 241419 | G12: 446847 | H12: =SUM(C12:F12)=G12 -> TRUE | J12: I Horeca | K12: =C12/$G12 -> 0.24454903 | L12: =D12/$G12 -> 0.21497962 | M12: =E12/$G12 -> 0.00019917332 | N12: =F12/$G12 -> 0.54027217 | O12: =SUM(K12:N12) -> 1
A13: J Media & ICT | B13: 10 | C13: 238869 | D13: 51975 | E13: 475 | F13: 8933 | G13: 300252 | H13: =SUM(C13:F13)=G13 -> TRUE | J13: J Media & ICT | K13: =C13/$G13 -> 0.79556173 | L13: =D13/$G13 -> 0.17310459 | M13: =E13/$G13 -> 0.0015820044 | N13: =F13/$G13 -> 0.029751675 | O13: =SUM(K13:N13) -> 1
A14: K Financieel | B14: 11 | C14: 185049 | D14: 23784 | G14: 211453 | H14: =SUM(C14:F14)=G14 -> FALSE | J14: K Financieel^ | K14: =C14/$G14 -> 0.87513064 | L14: =D14/$G14 -> 0.1124789 | N14: =1-K14-L14 -> 0.01239046 | O14: =SUM(K14:N14) -> 1
A15: L Onroerend goed | B15: 12 | C15: 48407 | D15: 12145 | G15: 62898 | H15: =SUM(C15:F15)=G15 -> FALSE | J15: L Onroerend goed^ | K15: =C15/$G15 -> 0.76961112 | L15: =D15/$G15 -> 0.1930904 | N15: =1-K15-L15 -> 0.037298483 | O15: =SUM(K15:N15) -> 1
A16: M Zakelijk | B16: 13 | C16: 379597 | D16: 94264 | E16: 2181 | F16: 22034 | G16: 498076 | H16: =SUM(C16:F16)=G16 -> TRUE | J16: M Zakelijk | K16: =C16/$G16 -> 0.76212666 | L16: =D16/$G16 -> 0.18925626 | M16: =E16/$G16 -> 0.0043788498 | N16: =F16/$G16 -> 0.044238229 | O16: =SUM(K16:N16) -> 1
A17: N Facilitair (excl. 78) | B17: 14 | C17: 177882 | D17: 57023 | E17: 1809 | F17: 31460 | G17: 268174 | H17: =SUM(C17:F17)=G17 -> TRUE | J17: N Facilitair (excl. 78) | K17: =C17/$G17 -> 0.66330815 | L17: =D17/$G17 -> 0.21263433 | M17: =E17/$G17 -> 0.0067456204 | N17: =F17/$G17 -> 0.11731189 | O17: =SUM(K17:N17) -> 1
A18: O Overheid | B18: 15 | C18: 515309 | D18: 79076 | G18: 595804 | H18: =SUM(C18:F18)=G18 -> FALSE | J18: O Overheid^ | K18: =C18/$G18 -> 0.86489685 | L18: =D18/$G18 -> 0.1327215 | N18: =1-K18-L18 -> 0.0023816557 | O18: =SUM(K18:N18) -> 1
A19: P Onderwijs | B19: 16 | C19: 422450 | D19: 120724 | E19: 462 | F19: 13877 | G19: 557513 | H19: =SUM(C19:F19)=G19 -> TRUE | J19: P Onderwijs | K19: =C19/$G19 -> 0.75774018 | L19: =D19/$G19 -> 0.21654024 | M19: =E19/$G19 -> 0.00082868023 | N19: =F19/$G19 -> 0.024890899 | O19: =SUM(K19:N19) -> 1
A20: Q Zorg & Welzijn | B20: 17 | C20: 1047799 | D20: 281388 | E20: 302 | F20: 81634 | G20: 1411123 | H20: =SUM(C20:F20)=G20 -> TRUE | J20: Q Zorg & Welzijn | K20: =C20/$G20 -> 0.74252847 | L20: =D20/$G20 -> 0.19940714 | M20: =E20/$G20 -> 0.00021401394 | N20: =F20/$G20 -> 0.057850379 | O20: =SUM(K20:N20) -> 1
A21: R Cultuur & Recreatie | B21: 18 | C21: 63771 | D21: 34593 | E21: 57 | F21: 34847 | G21: 133268 | H21: =SUM(C21:F21)=G21 -> TRUE | J21: R Cultuur & Recreatie | K21: =C21/$G21 -> 0.47851697 | L21: =D21/$G21 -> 0.25957469 | M21: =E21/$G21 -> 0.00042770958 | N21: =F21/$G21 -> 0.26148063 | O21: =SUM(K21:N21) -> 1
A22: S Overige diensten | B22: 19 | C22: 75434 | D22: 32172 | E22: 204 | F22: 11574 | G22: 119384 | H22: =SUM(C22:F22)=G22 -> TRUE | J22: S Overig | K22: =C22/$G22 -> 0.63186022 | L22: =D22/$G22 -> 0.26948335 | M22: =E22/$G22 -> 0.0017087717 | N22: =F22/$G22 -> 0.096947665 | O22: =SUM(K22:N22) -> 1
A23: 78 Uitzend | B23: 78 | C23: 101719 | D23: 62411 | E23: 427677 | F23: 79622 | G23: 671429 | H23: =SUM(C23:F23)=G23 -> TRUE | J23: 78 Uitzend | K23: =C23/$G23 -> 0.15149629 | L23: =D23/$G23 -> 0.092952494 | M23: =E23/$G23 -> 0.63696534 | N23: =F23/$G23 -> 0.11858588 | O23: =SUM(K23:N23) -> 1
H24: =SUM(C24:F24)=G24 -> TRUE
B25: Total | C25: 5386426 | D25: 1529215 | E25: 436719 | F25: 909427 | G25: 8261787 | H25: =SUM(C25:F25)=G25 -> TRUE | J25: Totaal (A-S) | K25: =C25/$G25 -> 0.65196864 | L25: =D25/$G25 -> 0.18509494 | M25: =E25/$G25 -> 0.052860114 | N25: =F25/$G25 -> 0.11007631 | O25: =SUM(K25:N25) -> 1

Sheet F_B.2.2
A3: table sbi2 flex if hoofdbaan==1 & year==2024, row col // iedereen | L3: BAANBAAN
C5: Onbepaald | D5: Bepaalde | E5: Uitzend | F5: Oproep | G5: Total | M5: vast | N5: tijdelijk | O5: uitzend | P5: oproep | Q5: totaal
L6: A Agrarisch | M6: =C34/C7 -> 0.097340188 | N6: =D34/D7 -> 0.17779947 | O6: =E34/E7 -> 0.21657096 | P6: =F34/F7 -> 0.20917553 | Q6: =G34/G7 -> 0.14626242
A7: A Agrarisch | B7: 1 | C7: 53688 | D7: 14342 | E7: 1219 | F7: 33197 | G7: 102446 | L7: C* Industrie | M7: =C35/C8 -> 0.076284383 | N7: =D35/D8 -> 0.2020003 | O7: =E35/E8 -> 0.27571116 | P7: =F35/F8 -> 0.25365516 | Q7: =G35/G8 -> 0.10057326
A8: C Industrie | B8: 3 | C8: 597855 | D8: 100985 | E8: 457 | F8: 27427 | G8: 726724 | L8: D** Energie | M8: =C36/C9 -> 0.076251873 | N8: =D36/D9 -> 0.1965069 | Q8: =G36/G9 -> 0.097369409
A9: D Energie | B9: 4 | C9: 64064 | D9: 12310 | G9: 77283 | L9: F Bouwnijverheid | M9: =C37/C10 -> 0.10045783 | N9: =D37/D10 -> 0.22372086 | O9: =E37/E10 -> 0.25870179 | P9: =F37/F10 -> 0.21440696 | Q9: =G37/G10 -> 0.1227869
A10: F Bouw | B10: 6 | C10: 272373 | D10: 50268 | E10: 1063 | F10: 9426 | G10: 333130 | L10: G Handel | M10: =C38/C11 -> 0.1061769 | N10: =D38/D11 -> 0.26754499 | O10: =E38/E11 -> 0.25667351 | P10: =F38/F11 -> 0.31672826 | Q10: =G38/G11 -> 0.18902553
A11: G Handel | B11: 7 | C11: 744597 | D11: 340724 | E11: 487 | F11: 273310 | G11: 1359118 | L11: H Vervoer & Logistiek | M11: =C39/C12 -> 0.082206274 | N11: =D39/D12 -> 0.22994397 | O11: =E39/E12 -> 0.33492823 | P11: =F39/F12 -> 0.27415347 | Q11: =G39/G12 -> 0.12372533
A12: H Logistiek | B12: 8 | C12: 288287 | D12: 64968 | E12: 209 | F12: 33401 | G12: 386865 | L12: I Horeca | M12: =C40/C13 -> 0.19854314 | N12: =D40/D13 -> 0.34056817 | O12: =E40/E13 -> 0.41573034 | P12: =F40/F13 -> 0.35249504 | Q12: =G40/G13 -> 0.31229481
A13: I Horeca | B13: 9 | C13: 109276 | D13: 96063 | E13: 89 | F13: 241419 | G13: 446847 | L13: J Media & ICT | M13: =C41/C14 -> 0.12940566 | N13: =D41/D14 -> 0.23661376 | O13: =E41/E14 -> 0.34736842 | P13: =F41/F14 -> 0.29508564 | Q13: =G41/G14 -> 0.15323795
A14: J Media & ICT | B14: 10 | C14: 238869 | D14: 51975 | E14: 475 | F14: 8933 | G14: 300252 | L14: K Financieel | M14: =C42/C15 -> 0.16076823 | N14: =D42/D15 -> 0.2226707 | Q14: =G42/G15 -> 0.1691818
A15: K Financieel | B15: 11 | C15: 185049 | D15: 23784 | G15: 211453 | L15: L Onroerend goed | M15: =C43/C16 -> 0.091680955 | N15: =D43/D16 -> 0.22157266 | Q15: =G43/G16 -> 0.12498013
A16: L Onroerend goed | B16: 12 | C16: 48407 | D16: 12145 | G16: 62898 | L16: M Zakelijk | M16: =C44/C17 -> 0.14363127 | N16: =D44/D17 -> 0.24455784 | O16: =E44/E17 -> 0.42411738 | P16: =F44/F17 -> 0.32127621 | Q16: =G44/G17 -> 0.17181916
A17: M Zakelijk | B17: 13 | C17: 379597 | D17: 94264 | E17: 2181 | F17: 22034 | G17: 498076 | L17: N Facilitair (excl. 78) | M17: =C45/C18 -> 0.12210904 | N17: =D45/D18 -> 0.26785683 | O17: =E45/E18 -> 0.42564953 | P17: =F45/F18 -> 0.31455817 | Q17: =G45/G18 -> 0.17772416
A18: N Facilitair (excl. 78) | B18: 14 | C18: 177882 | D18: 57023 | E18: 1809 | F18: 31460 | G18: 268174 | L18: O Overheid^ | M18: =C46/C19 -> 0.03313934 | N18: =D46/D19 -> 0.098399009 | Q18: =G46/G19 -> 0.042064169
A19: O Overheid | B19: 15 | C19: 515309 | D19: 79076 | G19: 595804 | L19: P Onderwijs | M19: =C47/C20 -> 0.05679252 | N19: =D47/D20 -> 0.16949405 | O19: =E47/E20 -> 0.46320346 | P19: =F47/F20 -> 0.24306406 | Q19: =G47/G20 -> 0.086170188
A20: P Onderwijs | B20: 16 | C20: 422450 | D20: 120724 | E20: 462 | F20: 13877 | G20: 557513 | L20: Q Zorg & Welzijn | M20: =C48/C21 -> 0.082048179 | N20: =D48/D21 -> 0.20581546 | O20: =E48/E21 -> 0.47350993 | P20: =F48/F21 -> 0.25480805 | Q20: =G48/G21 -> 0.11680626
A21: Q Zorg & Welzijn | B21: 17 | C21: 1047799 | D21: 281388 | E21: 302 | F21: 81634 | G21: 1411123 | L21: R Cultuur & Recreatie | M21: =C49/C22 -> 0.091107243 | N21: =D49/D22 -> 0.22706906 | O21: =E49/E22 -> 0.42105263 | P21: =F49/F22 -> 0.32306942 | Q21: =G49/G22 -> 0.18719423
A22: R Cultuur & Recreatie | B22: 18 | C22: 63771 | D22: 34593 | E22: 57 | F22: 34847 | G22: 133268 | L22: S Overig | M22: =C50/C23 -> 0.079221571 | N22: =D50/D23 -> 0.21105309 | O22: =E50/E23 -> 0.25 | P22: =F50/F23 -> 0.26283048 | Q22: =G50/G23 -> 0.13284025
A23: S Overige diensten | B23: 19 | C23: 75434 | D23: 32172 | E23: 204 | F23: 11574 | G23: 119384 | L23: 78 Uitzend | M23: =C51/C24 -> 0.22331128 | N23: =D51/D24 -> 0.38493214 | O23: =E51/E24 -> 0.36853513 | P23: =F51/F24 -> 0.37258547 | Q23: =G51/G24 -> 0.34853871
A24: 78 Uitzend | B24: 78 | C24: 101719 | D24: 62411 | E24: 427677 | F24: 79622 | G24: 671429
L25: Totaal (A-S) | M25: =C53/C26 -> 0.094759679 | N25: =D53/D26 -> 0.23467335 | O25: =E53/E26 -> 0.3682322 | P25: =F53/F26 -> 0.31488839 | Q25: =G53/G26 -> 0.15934374
B26: Total | C26: 5386426 | D26: 1529215 | E26: 436719 | F26: 909427 | G26: 8261787
A30: table sbi2 flex if hoofdbaan==1 & switch_beid_stream==1 & year==2024, row col // baanbaan
C32: Onbepaald | D32: Bepaalde | E32: Uitzend | F32: Oproep | G32: Total
A34: A Agrarisch | B34: 1 | C34: 5226 | D34: 2550 | E34: 264 | F34: 6944 | G34: 14984
A35: C Industrie | B35: 3 | C35: 45607 | D35: 20399 | E35: 126 | F35: 6957 | G35: 73089
A36: D Energie | B36: 4 | C36: 4885 | D36: 2419 | G36: 7525
A37: F Bouw | B37: 6 | C37: 27362 | D37: 11246 | E37: 275 | F37: 2021 | G37: 40904
A38: G Handel | B38: 7 | C38: 79059 | D38: 91159 | E38: 125 | F38: 86565 | G38: 256908
A39: H Logistiek | B39: 8 | C39: 23699 | D39: 14939 | E39: 70 | F39: 9157 | G39: 47865
A40: I Horeca | B40: 9 | C40: 21696 | D40: 32716 | E40: 37 | F40: 85099 | G40: 139548
A41: J Media & ICT | B41: 10 | C41: 30911 | D41: 12298 | E41: 165 | F41: 2636 | G41: 46010
A42: K Financieel | B42: 11 | C42: 29750 | D42: 5296 | G42: 35774
A43: L Onroerend goed | B43: 12 | C43: 4438 | D43: 2691 | G43: 7861
A44: M Zakelijk | B44: 13 | C44: 54522 | D44: 23053 | E44: 925 | F44: 7079 | G44: 85579
A45: N Facilitair (excl. 78) | B45: 14 | C45: 21721 | D45: 15274 | E45: 770 | F45: 9896 | G45: 47661
A46: O Overheid | B46: 15 | C46: 17077 | D46: 7781 | G46: 25062
A47: P Onderwijs | B47: 16 | C47: 23992 | D47: 20462 | E47: 214 | F47: 3373 | G47: 48041
A48: Q Zorg & Welzijn | B48: 17 | C48: 85970 | D48: 57914 | E48: 143 | F48: 20801 | G48: 164828
A49: R Cultuur & Recreatie | B49: 18 | C49: 5810 | D49: 7855 | E49: 24 | F49: 11258 | G49: 24947
A50: S Overige diensten | B50: 19 | C50: 5976 | D50: 6790 | E50: 51 | F50: 3042 | G50: 15859
A51: 78 Uitzend | B51: 78 | C51: 22715 | D51: 24024 | E51: 157614 | F51: 29666 | G51: 234019
B53: Total | C53: 510416 | D53: 358866 | E53: 160814 | F53: 286368 | G53: 1316464
A57: table sbi2 flex if hoofdbaan==1 & switch_beid_stream==4 & year==2024, row col // uitstroom
C59: Onbepaald | D59: Bepaalde | E59: Uitzend | F59: Oproep | G59: Total
A61: A Agrarisch | B61: 1 | C61: 3423 | D61: 2714 | E61: 373 | F61: 9936 | G61: 16446
A62: C Industrie | B62: 3 | C62: 29632 | D62: 11333 | E62: 145 | F62: 5745 | G62: 46855
A63: D Energie | B63: 4 | C63: 2894 | D63: 1186 | G63: 4266
A64: F Bouw | B64: 6 | C64: 12242 | D64: 5519 | E64: 409 | F64: 2349 | G64: 20519
A65: G Handel | B65: 7 | C65: 39147 | D65: 49966 | E65: 173 | F65: 48740 | G65: 138026
A66: H Logistiek | B66: 8 | C66: 14783 | D66: 7989 | E66: 47 | F66: 6958 | G66: 29777
A67: I Horeca | B67: 9 | C67: 8259 | D67: 15419 | E67: 21 | F67: 47659 | G67: 71358
A68: J Media & ICT | B68: 10 | C68: 13992 | D68: 6878 | E68: 90 | F68: 1955 | G68: 22915
A69: K Financieel | B69: 11 | C69: 8385 | D69: 2627 | G69: 11540
A70: L Onroerend goed | B70: 12 | C70: 2443 | D70: 1229 | G70: 4134
A71: M Zakelijk | B71: 13 | C71: 21683 | D71: 11449 | E71: 383 | F71: 5167 | G71: 38682
A72: N Facilitair (excl. 78) | B72: 14 | C72: 12096 | D72: 9062 | E72: 480 | F72: 7074 | G72: 28712
A73: O Overheid | B73: 15 | C73: 20593 | D73: 4969 | G73: 25890
A74: P Onderwijs | B74: 16 | C74: 17881 | D74: 15606 | E74: 102 | F74: 3957 | G74: 37546
A75: Q Zorg & Welzijn | B75: 17 | C75: 47361 | D75: 27118 | E75: 72 | F75: 13297 | G75: 87848
